family,method,seed,candidates,find_counts,find_aborted,prove_counts,rejections,find_s,prove_s,verify_s,find_candidate_s,find_quick_s,find_sieve_s,find_count_s,find_accept_s,find_quick,find_sieved,prove_candidate_s,prove_quick_s,prove_sieve_s,prove_count_s,prove_factor_s,prove_witness_s,prove_accept_s,prove_quick,prove_sieved,prove_factored
gf2_127,agm+sieve,0,30,8,0,8,29,0.007143,0.005433,0.000112,0.000006,0.000000,0.001418,0.005600,0.000113,0,22,0.000006,0.000000,0.001398,0.003769,0.000000,0.000024,0.000232,0,22,2
gf2_127,agm+sieve,1,292,92,0,92,291,0.057855,0.057366,0.000387,0.000059,0.000003,0.013824,0.043756,0.000187,0,200,0.000059,0.000003,0.013719,0.042951,0.000000,0.000227,0.000369,0,200,38
gf2_127,agm+sieve,2,25,11,0,11,24,0.007072,0.007007,0.000132,0.000005,0.000000,0.001489,0.005459,0.000114,0,14,0.000005,0.000000,0.001466,0.005266,0.000000,0.000019,0.000247,0,14,6
gf2_127,agm+sieve,3,5,2,0,2,4,0.001466,0.001411,0.000088,0.000001,0.000000,0.000289,0.001039,0.000137,0,3,0.000001,0.000000,0.000248,0.000960,0.000000,0.000000,0.000201,0,3,1
gf2_127,agm+sieve,4,81,23,0,23,80,0.014767,0.014265,0.000157,0.000016,0.000001,0.003430,0.011201,0.000112,0,58,0.000016,0.000001,0.003294,0.010655,0.000000,0.000057,0.000236,0,58,9
gf2_127,agm+sieve,5,231,74,0,74,230,0.044997,0.044720,0.000305,0.000048,0.000003,0.009735,0.035043,0.000150,0,157,0.000046,0.000003,0.009617,0.034475,0.000000,0.000240,0.000321,0,157,21
gf2_127,agm+sieve,6,21,6,0,6,20,0.004019,0.003953,0.000105,0.000004,0.000000,0.000925,0.002973,0.000115,0,15,0.000004,0.000000,0.000878,0.002836,0.000000,0.000013,0.000219,0,15,2
gf2_127,agm+sieve,7,134,37,0,37,133,0.023352,0.022848,0.000246,0.000027,0.000002,0.005496,0.017692,0.000125,0,97,0.000027,0.000002,0.005326,0.017107,0.000000,0.000115,0.000262,0,97,8
gf2_127,agm+sieve,8,42,14,0,14,41,0.008882,0.008877,0.000136,0.000008,0.000000,0.002038,0.006716,0.000115,0,28,0.000008,0.000000,0.001882,0.006699,0.000000,0.000037,0.000246,0,28,5
gf2_127,agm+sieve,9,16,3,0,3,15,0.002244,0.002302,0.000099,0.000003,0.000000,0.000599,0.001535,0.000105,0,13,0.000003,0.000000,0.000574,0.001492,0.000000,0.000008,0.000223,0,13,0
gf2_127,agm+sieve,10,10,3,0,3,9,0.002124,0.002002,0.000099,0.000002,0.000000,0.000479,0.001545,0.000097,0,7,0.000002,0.000000,0.000368,0.001394,0.000000,0.000005,0.000231,0,7,1
gf2_127,agm+sieve,11,267,79,0,79,266,0.049313,0.048773,0.000343,0.000054,0.000003,0.011586,0.037485,0.000163,0,188,0.000054,0.000003,0.011432,0.036727,0.000000,0.000196,0.000342,0,188,32
gf2_127,agm+sieve,12,107,25,0,25,106,0.016653,0.016103,0.000181,0.000022,0.000001,0.004310,0.012186,0.000125,0,82,0.000021,0.000001,0.004108,0.011638,0.000000,0.000062,0.000264,0,82,9
gf2_127,agm+sieve,13,55,15,0,15,54,0.009840,0.009446,0.000143,0.000011,0.000001,0.002366,0.007344,0.000114,0,40,0.000011,0.000001,0.002202,0.006945,0.000000,0.000034,0.000249,0,40,6
gf2_127,agm+sieve,14,8,4,0,4,7,0.002613,0.002755,0.000088,0.000002,0.000000,0.000561,0.001956,0.000094,0,4,0.000002,0.000000,0.000515,0.002016,0.000000,0.000012,0.000209,0,4,0
gf2_127,agm+sieve,15,13,5,0,5,12,0.003289,0.003316,0.000099,0.000003,0.000000,0.000748,0.002435,0.000102,0,8,0.000003,0.000000,0.000657,0.002379,0.000000,0.000022,0.000254,0,8,0
gf2_127,pari,0,30,30,0,30,29,0.106405,0.109547,0.000107,0.000012,0.000001,0.000001,0.106270,0.000115,0,0,0.000009,0.000001,0.000001,0.106964,0.002111,0.000206,0.000240,0,0,2
gf2_127,pari,1,292,292,0,292,291,1.030561,1.188186,0.000232,0.000157,0.000006,0.000006,1.030030,0.000290,0,0,0.000089,0.000006,0.000006,1.033097,0.152492,0.001899,0.000454,0,0,38
gf2_127,pari,2,25,25,0,25,24,0.088732,0.110595,0.000108,0.000012,0.000001,0.000001,0.088577,0.000136,0,0,0.000021,0.000001,0.000001,0.087816,0.022333,0.000154,0.000256,0,0,6
gf2_127,pari,3,5,5,0,5,4,0.018233,0.029091,0.000089,0.000002,0.000000,0.000000,0.018134,0.000096,0,0,0.000001,0.000000,0.000000,0.017431,0.011420,0.000022,0.000214,0,0,1
gf2_127,pari,4,81,81,0,81,80,0.292095,0.334634,0.000133,0.000030,0.000002,0.000002,0.291912,0.000132,0,0,0.000031,0.000002,0.000002,0.301137,0.032372,0.000747,0.000284,0,0,9
gf2_127,pari,5,231,231,0,231,230,0.809968,0.941634,0.000206,0.000083,0.000004,0.000004,0.809579,0.000248,0,0,0.000061,0.000005,0.000005,0.810126,0.129759,0.001236,0.000353,0,0,21
gf2_127,pari,6,21,21,0,21,20,0.073938,0.079746,0.000099,0.000008,0.000000,0.000000,0.073816,0.000109,0,0,0.000006,0.000000,0.000000,0.072931,0.006437,0.000139,0.000223,0,0,2
gf2_127,pari,7,134,134,0,134,133,0.466668,0.497751,0.000162,0.000048,0.000003,0.000003,0.466432,0.000154,0,0,0.000036,0.000003,0.000003,0.468503,0.028146,0.000710,0.000299,0,0,8
gf2_127,pari,8,42,42,0,42,41,0.158379,0.157201,0.000140,0.000043,0.000001,0.000001,0.158180,0.000138,0,0,0.000012,0.000001,0.000001,0.148353,0.008190,0.000309,0.000311,0,0,5
gf2_127,pari,9,16,16,0,16,15,0.056724,0.057280,0.000100,0.000007,0.000000,0.000000,0.056607,0.000105,0,0,0.000004,0.000000,0.000000,0.056925,0.000000,0.000076,0.000265,0,0,0
gf2_127,pari,10,10,10,0,10,9,0.035563,0.040113,0.000095,0.000004,0.000000,0.000000,0.035454,0.000102,0,0,0.000003,0.000000,0.000000,0.035511,0.004287,0.000043,0.000263,0,0,1
gf2_127,pari,11,267,267,0,267,266,0.937208,1.110530,0.000229,0.000100,0.000005,0.000005,0.936812,0.000227,0,0,0.000071,0.000005,0.000005,0.932716,0.175792,0.001457,0.000378,0,0,32
gf2_127,pari,12,107,107,0,107,106,0.373817,0.404521,0.000150,0.000038,0.000002,0.000002,0.373605,0.000148,0,0,0.000028,0.000002,0.000002,0.371547,0.032037,0.000579,0.000285,0,0,9
gf2_127,pari,13,55,55,0,55,54,0.193462,0.226671,0.000122,0.000024,0.000001,0.000001,0.193279,0.000143,0,0,0.000015,0.000001,0.000001,0.193105,0.032979,0.000273,0.000269,0,0,6
gf2_127,pari,14,8,8,0,8,7,0.028696,0.028621,0.000088,0.000004,0.000000,0.000000,0.028589,0.000097,0,0,0.000002,0.000000,0.000000,0.028347,0.000000,0.000043,0.000224,0,0,0
gf2_127,pari,15,13,13,0,13,12,0.046040,0.045795,0.000099,0.000005,0.000000,0.000000,0.045925,0.000106,0,0,0.000004,0.000000,0.000000,0.045452,0.000000,0.000066,0.000265,0,0,0
gf2_109,agm,0,12,12,0,12,11,0.006879,0.005419,0.000123,0.000003,0.000000,0.000000,0.006759,0.000115,0,0,0.000003,0.000000,0.000000,0.005127,0.000000,0.000073,0.000212,0,0,1
gf2_109,agm,1,58,58,0,58,57,0.023976,0.024510,0.000177,0.000013,0.000001,0.000001,0.023838,0.000117,0,0,0.000013,0.000001,0.000001,0.023882,0.000000,0.000359,0.000246,0,0,7
gf2_109,agm,2,49,49,0,49,48,0.020107,0.020704,0.000153,0.000011,0.000001,0.000001,0.019988,0.000102,0,0,0.000011,0.000001,0.000001,0.020146,0.000000,0.000322,0.000218,0,0,6
gf2_109,agm,3,19,19,0,19,18,0.008277,0.008196,0.000099,0.000004,0.000000,0.000000,0.008173,0.000095,0,0,0.000004,0.000000,0.000000,0.007856,0.000000,0.000137,0.000196,0,0,0
gf2_109,agm,4,195,195,0,195,194,0.079187,0.081958,0.000365,0.000042,0.000002,0.000002,0.078971,0.000148,0,0,0.000043,0.000002,0.000002,0.080224,0.000000,0.001362,0.000303,0,0,22
gf2_109,agm,5,53,53,0,53,52,0.021732,0.022353,0.000166,0.000012,0.000001,0.000001,0.021599,0.000115,0,0,0.000011,0.000001,0.000001,0.021724,0.000000,0.000367,0.000243,0,0,6
gf2_109,agm,6,58,58,0,58,57,0.023749,0.024416,0.000179,0.000013,0.000001,0.000001,0.023616,0.000113,0,0,0.000013,0.000001,0.000001,0.023788,0.000000,0.000376,0.000230,0,0,10
gf2_109,agm,7,13,13,0,13,12,0.005631,0.005736,0.000106,0.000003,0.000000,0.000000,0.005527,0.000099,0,0,0.000003,0.000000,0.000000,0.005398,0.000000,0.000118,0.000215,0,0,1
gf2_109,agm,8,72,72,0,72,71,0.029967,0.030509,0.000184,0.000016,0.000001,0.000001,0.029826,0.000116,0,0,0.000016,0.000001,0.000001,0.029762,0.000000,0.000478,0.000243,0,0,7
gf2_109,agm,9,56,56,0,56,55,0.022870,0.024293,0.000161,0.000012,0.000001,0.000001,0.022742,0.000108,0,0,0.000012,0.000001,0.000001,0.023594,0.000000,0.000397,0.000281,0,0,6
gf2_109,agm,10,1,1,0,1,0,0.000569,0.000720,0.000094,0.000000,0.000000,0.000000,0.000456,0.000112,0,0,0.000000,0.000000,0.000000,0.000491,0.000000,0.000000,0.000228,0,0,0
gf2_109,agm,11,96,96,0,96,95,0.039983,0.040756,0.000196,0.000022,0.000001,0.000001,0.039834,0.000114,0,0,0.000021,0.000001,0.000001,0.039849,0.000000,0.000650,0.000223,0,0,6
gf2_109,agm,12,54,54,0,54,53,0.022507,0.023605,0.000150,0.000012,0.000001,0.000001,0.022384,0.000104,0,0,0.000012,0.000001,0.000001,0.022973,0.000000,0.000395,0.000217,0,0,4
gf2_109,agm,13,23,23,0,23,22,0.009591,0.009804,0.000117,0.000005,0.000000,0.000000,0.009420,0.000163,0,0,0.000005,0.000000,0.000000,0.009415,0.000000,0.000162,0.000218,0,0,2
gf2_109,agm,14,6,6,0,6,5,0.002818,0.002942,0.000093,0.000001,0.000000,0.000000,0.002718,0.000097,0,0,0.000001,0.000000,0.000000,0.002666,0.000000,0.000051,0.000223,0,0,0
gf2_109,agm,15,36,36,0,36,35,0.015247,0.015621,0.000142,0.000008,0.000000,0.000000,0.015121,0.000113,0,0,0.000008,0.000000,0.000000,0.015167,0.000000,0.000209,0.000230,0,0,4
gf2_109,agm+factor,0,12,12,0,12,11,0.005302,0.006179,0.000101,0.000003,0.000000,0.000000,0.005194,0.000103,0,0,0.000003,0.000000,0.000000,0.005031,0.000840,0.000077,0.000225,0,0,1
gf2_109,agm+factor,1,58,58,0,58,57,0.023812,0.034827,0.000149,0.000013,0.000001,0.000001,0.023672,0.000120,0,0,0.000013,0.000001,0.000001,0.023960,0.010108,0.000424,0.000310,0,0,7
gf2_109,agm+factor,2,49,49,0,49,48,0.020231,0.029850,0.000129,0.000011,0.000001,0.000001,0.020111,0.000102,0,0,0.000011,0.000001,0.000001,0.020320,0.008906,0.000372,0.000229,0,0,6
gf2_109,agm+factor,3,19,19,0,19,18,0.008092,0.008277,0.000101,0.000004,0.000000,0.000000,0.007989,0.000096,0,0,0.000004,0.000000,0.000000,0.007931,0.000000,0.000137,0.000201,0,0,0
gf2_109,agm+factor,4,195,195,0,195,194,0.079841,0.121453,0.000272,0.000042,0.000002,0.000002,0.079623,0.000150,0,0,0.000058,0.000002,0.000002,0.081328,0.038169,0.001529,0.000317,0,0,22
gf2_109,agm+factor,5,53,53,0,53,52,0.021973,0.037903,0.000139,0.000011,0.000001,0.000001,0.021839,0.000115,0,0,0.000012,0.000001,0.000001,0.021946,0.015292,0.000396,0.000245,0,0,6
gf2_109,agm+factor,6,58,58,0,58,57,0.023948,0.048102,0.000144,0.000013,0.000001,0.000001,0.023813,0.000114,0,0,0.000015,0.000001,0.000001,0.025171,0.022203,0.000462,0.000236,0,0,10
gf2_109,agm+factor,7,13,13,0,13,12,0.005837,0.005792,0.000102,0.000003,0.000000,0.000000,0.005727,0.000105,0,0,0.000003,0.000000,0.000000,0.005340,0.000135,0.000084,0.000226,0,0,1
gf2_109,agm+factor,8,72,72,0,72,71,0.029380,0.039867,0.000153,0.000016,0.000001,0.000001,0.029239,0.000116,0,0,0.000017,0.000001,0.000001,0.030446,0.008592,0.000550,0.000247,0,0,7
gf2_109,agm+factor,9,56,56,0,56,55,0.023887,0.034479,0.000136,0.000012,0.000001,0.000001,0.023757,0.000110,0,0,0.000013,0.000001,0.000001,0.023764,0.009978,0.000467,0.000246,0,0,6
gf2_109,agm+factor,10,1,1,0,1,0,0.000564,0.000711,0.000094,0.000000,0.000000,0.000000,0.000465,0.000099,0,0,0.000000,0.000000,0.000000,0.000485,0.000000,0.000000,0.000225,0,0,0
gf2_109,agm+factor,11,96,96,0,96,95,0.039208,0.052290,0.000171,0.000021,0.000001,0.000001,0.039062,0.000112,0,0,0.000022,0.000001,0.000001,0.039557,0.011757,0.000706,0.000232,0,0,6
gf2_109,agm+factor,12,54,54,0,54,53,0.022374,0.036247,0.000137,0.000028,0.000001,0.000001,0.022223,0.000116,0,0,0.000012,0.000001,0.000001,0.022150,0.013472,0.000382,0.000220,0,0,4
gf2_109,agm+factor,13,23,23,0,23,22,0.009713,0.014517,0.000111,0.000005,0.000000,0.000000,0.009602,0.000102,0,0,0.000005,0.000000,0.000000,0.009593,0.004507,0.000180,0.000226,0,0,2
gf2_109,agm+factor,14,6,6,0,6,5,0.002730,0.002726,0.000092,0.000001,0.000000,0.000000,0.002630,0.000097,0,0,0.000001,0.000000,0.000000,0.002471,0.000000,0.000040,0.000213,0,0,0
gf2_109,agm+factor,15,36,36,0,36,35,0.015055,0.019472,0.000125,0.000008,0.000000,0.000000,0.014931,0.000111,0,0,0.000010,0.000000,0.000000,0.014944,0.004013,0.000257,0.000239,0,0,4
gf2_109,pari,0,12,12,0,12,11,0.024961,0.024745,0.000100,0.000005,0.000000,0.000000,0.024850,0.000102,0,0,0.000004,0.000000,0.000000,0.023708,0.000721,0.000081,0.000224,0,0,1
gf2_109,pari,1,58,58,0,58,57,0.117940,0.125950,0.000154,0.000044,0.000001,0.000001,0.117730,0.000143,0,0,0.000019,0.000001,0.000001,0.115331,0.009816,0.000432,0.000313,0,0,7
gf2_109,pari,2,49,49,0,49,48,0.098797,0.106973,0.000131,0.000024,0.000001,0.000001,0.098643,0.000116,0,0,0.000031,0.000001,0.000001,0.097706,0.008559,0.000420,0.000231,0,0,6
gf2_109,pari,3,19,19,0,19,18,0.038378,0.038251,0.000117,0.000009,0.000000,0.000000,0.038263,0.000101,0,0,0.000006,0.000000,0.000000,0.037858,0.000000,0.000147,0.000229,0,0,0
gf2_109,pari,4,195,195,0,195,194,0.391776,0.430735,0.000288,0.000129,0.000004,0.000004,0.391386,0.000205,0,0,0.000082,0.000004,0.000004,0.390558,0.037994,0.001666,0.000334,0,0,22
gf2_109,pari,5,53,53,0,53,52,0.106803,0.123139,0.000174,0.000027,0.000017,0.000001,0.106603,0.000134,0,0,0.000019,0.000001,0.000001,0.107134,0.015188,0.000514,0.000254,0,0,6
gf2_109,pari,6,58,58,0,58,57,0.117122,0.137275,0.000139,0.000030,0.000001,0.000001,0.116925,0.000148,0,0,0.000019,0.000001,0.000001,0.115511,0.021007,0.000464,0.000243,0,0,10
gf2_109,pari,7,13,13,0,13,12,0.026462,0.026263,0.000105,0.000006,0.000000,0.000000,0.026337,0.000114,0,0,0.000004,0.000000,0.000000,0.025837,0.000081,0.000099,0.000234,0,0,1
gf2_109,pari,8,72,72,0,72,71,0.144701,0.153809,0.000156,0.000046,0.000002,0.000002,0.144485,0.000145,0,0,0.000028,0.000001,0.000002,0.144554,0.008194,0.000701,0.000292,0,0,7
gf2_109,pari,9,56,56,0,56,55,0.112532,0.122139,0.000139,0.000026,0.000001,0.000001,0.112357,0.000132,0,0,0.000019,0.000001,0.000001,0.111807,0.009573,0.000477,0.000231,0,0,6
gf2_109,pari,10,1,1,0,1,0,0.002288,0.002301,0.000094,0.000000,0.000000,0.000000,0.002184,0.000103,0,0,0.000000,0.000000,0.000000,0.002069,0.000000,0.000000,0.000230,0,0,0
gf2_109,pari,11,96,96,0,96,95,0.190789,0.200880,0.000175,0.000052,0.000002,0.000002,0.190568,0.000142,0,0,0.000028,0.000002,0.000002,0.188434,0.011392,0.000748,0.000235,0,0,6
gf2_109,pari,12,54,54,0,54,53,0.107561,0.120938,0.000137,0.000021,0.000001,0.000001,0.107413,0.000114,0,0,0.000016,0.000001,0.000001,0.106673,0.013554,0.000411,0.000260,0,0,4
gf2_109,pari,13,23,23,0,23,22,0.045405,0.050069,0.000115,0.000009,0.000000,0.000000,0.045284,0.000107,0,0,0.000007,0.000000,0.000000,0.045251,0.004364,0.000205,0.000231,0,0,2
gf2_109,pari,14,6,6,0,6,5,0.012158,0.012057,0.000099,0.000002,0.000000,0.000000,0.012055,0.000100,0,0,0.000002,0.000000,0.000000,0.011787,0.000000,0.000040,0.000226,0,0,0
gf2_109,pari,15,36,36,0,36,35,0.072622,0.076444,0.000130,0.000038,0.000001,0.000001,0.072434,0.000138,0,0,0.000012,0.000001,0.000001,0.072167,0.003708,0.000249,0.000286,0,0,4
gf2_122,agm,0,37,37,0,37,36,0.018666,0.016784,0.000150,0.000008,0.000001,0.000000,0.018532,0.000120,0,0,0.000008,0.000000,0.000000,0.016124,0.000000,0.000217,0.000427,0,0,1
gf2_122,agm,1,51,51,0,51,50,0.024123,0.022743,0.000137,0.000011,0.000001,0.000001,0.023989,0.000115,0,0,0.000011,0.000001,0.000001,0.021950,0.000000,0.000290,0.000483,0,0,4
gf2_122,agm,2,16,16,0,16,15,0.007530,0.007481,0.000109,0.000003,0.000000,0.000000,0.007413,0.000112,0,0,0.000003,0.000000,0.000000,0.007045,0.000000,0.000078,0.000351,0,0,1
gf2_122,agm,3,20,20,0,20,19,0.009423,0.009101,0.000102,0.000004,0.000000,0.000000,0.009318,0.000098,0,0,0.000004,0.000000,0.000000,0.008650,0.000000,0.000151,0.000292,0,0,1
gf2_122,agm,4,102,102,0,102,101,0.045353,0.045239,0.000176,0.000021,0.000001,0.000001,0.045190,0.000127,0,0,0.000021,0.000001,0.000001,0.044092,0.000000,0.000573,0.000535,0,0,5
gf2_122,agm,5,81,81,0,81,80,0.036599,0.036077,0.000169,0.000017,0.000001,0.000001,0.036442,0.000128,0,0,0.000017,0.000001,0.000001,0.035052,0.000000,0.000447,0.000548,0,0,5
gf2_122,agm,6,54,54,0,54,53,0.024404,0.024188,0.000142,0.000011,0.000001,0.000001,0.024278,0.000106,0,0,0.000011,0.000001,0.000001,0.023342,0.000000,0.000342,0.000484,0,0,5
gf2_122,agm,7,7,7,0,7,6,0.003478,0.003504,0.000098,0.000002,0.000000,0.000000,0.003372,0.000104,0,0,0.000001,0.000000,0.000000,0.003166,0.000000,0.000028,0.000307,0,0,1
gf2_122,agm,8,19,19,0,19,18,0.008785,0.008591,0.000103,0.000004,0.000000,0.000000,0.008670,0.000108,0,0,0.000004,0.000000,0.000000,0.008182,0.000000,0.000138,0.000263,0,0,0
gf2_122,agm,9,16,16,0,16,15,0.007452,0.007284,0.000106,0.000003,0.000000,0.000000,0.007342,0.000104,0,0,0.000003,0.000000,0.000000,0.006881,0.000000,0.000081,0.000315,0,0,1
gf2_122,agm,10,2,2,0,2,1,0.001131,0.001266,0.000096,0.000000,0.000000,0.000000,0.001025,0.000106,0,0,0.000000,0.000000,0.000000,0.000968,0.000000,0.000006,0.000292,0,0,0
gf2_122,agm,11,79,79,0,79,78,0.035883,0.034959,0.000151,0.000017,0.000001,0.000001,0.035734,0.000121,0,0,0.000017,0.000001,0.000001,0.034082,0.000000,0.000516,0.000331,0,0,1
gf2_122,agm,12,22,22,0,22,21,0.010087,0.009887,0.000106,0.000005,0.000000,0.000000,0.009981,0.000098,0,0,0.000005,0.000000,0.000000,0.009472,0.000000,0.000105,0.000302,0,0,1
gf2_122,agm,13,74,74,0,74,73,0.033265,0.032876,0.000154,0.000016,0.000001,0.000001,0.033119,0.000119,0,0,0.000016,0.000001,0.000001,0.031863,0.000000,0.000443,0.000542,0,0,4
gf2_122,agm,14,12,12,0,12,11,0.005658,0.005568,0.000097,0.000003,0.000000,0.000000,0.005548,0.000105,0,0,0.000003,0.000000,0.000000,0.005214,0.000000,0.000057,0.000292,0,0,1
gf2_122,agm,15,40,40,0,40,39,0.018293,0.018098,0.000125,0.000009,0.000001,0.000000,0.018173,0.000106,0,0,0.000008,0.000000,0.000000,0.017449,0.000000,0.000242,0.000391,0,0,3
gf2_122,pari,0,37,37,0,37,36,0.110127,0.108642,0.000119,0.000016,0.000001,0.000001,0.109977,0.000123,0,0,0.000010,0.000001,0.000001,0.107917,0.000000,0.000295,0.000400,0,0,1
gf2_122,pari,1,51,51,0,51,50,0.148524,0.150388,0.000139,0.000023,0.000001,0.000001,0.148356,0.000130,0,0,0.000017,0.000001,0.000001,0.149410,0.000000,0.000370,0.000563,0,0,4
gf2_122,pari,2,16,16,0,16,15,0.047069,0.047590,0.000110,0.000007,0.000000,0.000000,0.046931,0.000118,0,0,0.000005,0.000000,0.000000,0.047096,0.000000,0.000087,0.000392,0,0,1
gf2_122,pari,3,20,20,0,20,19,0.058159,0.058347,0.000102,0.000009,0.000000,0.000000,0.058030,0.000105,0,0,0.000006,0.000000,0.000000,0.057869,0.000000,0.000158,0.000302,0,0,1
gf2_122,pari,4,102,102,0,102,101,0.298473,0.298252,0.000177,0.000066,0.000002,0.000002,0.298208,0.000166,0,0,0.000030,0.000002,0.000002,0.296895,0.000000,0.000685,0.000584,0,0,5
gf2_122,pari,5,81,81,0,81,80,0.236811,0.236754,0.000175,0.000049,0.000002,0.000002,0.236566,0.000170,0,0,0.000024,0.000002,0.000002,0.235600,0.000000,0.000516,0.000572,0,0,5
gf2_122,pari,6,54,54,0,54,53,0.156972,0.159411,0.000191,0.000024,0.000001,0.000001,0.156807,0.000126,0,0,0.000016,0.000001,0.000001,0.158459,0.000000,0.000411,0.000497,0,0,5
gf2_122,pari,7,7,7,0,7,6,0.020851,0.021353,0.000098,0.000003,0.000000,0.000000,0.020719,0.000127,0,0,0.000015,0.000000,0.000000,0.020964,0.000000,0.000060,0.000309,0,0,1
gf2_122,pari,8,19,19,0,19,18,0.055659,0.055436,0.000104,0.000008,0.000000,0.000000,0.055528,0.000117,0,0,0.000005,0.000000,0.000000,0.055011,0.000000,0.000135,0.000274,0,0,0
gf2_122,pari,9,16,16,0,16,15,0.047364,0.047353,0.000108,0.000009,0.000000,0.000000,0.047204,0.000145,0,0,0.000005,0.000000,0.000000,0.046922,0.000000,0.000094,0.000324,0,0,1
gf2_122,pari,10,2,2,0,2,1,0.006258,0.006073,0.000098,0.000001,0.000000,0.000000,0.006139,0.000118,0,0,0.000001,0.000000,0.000000,0.005793,0.000000,0.000006,0.000271,0,0,0
gf2_122,pari,11,79,79,0,79,78,0.227989,0.227859,0.000152,0.000031,0.000001,0.000001,0.227793,0.000144,0,0,0.000021,0.000001,0.000002,0.226902,0.000000,0.000562,0.000339,0,0,1
gf2_122,pari,12,22,22,0,22,21,0.063382,0.063405,0.000103,0.000008,0.000000,0.000000,0.063236,0.000133,0,0,0.000006,0.000000,0.000000,0.062964,0.000000,0.000117,0.000307,0,0,1
gf2_122,pari,13,74,74,0,74,73,0.216167,0.215726,0.000156,0.000037,0.000002,0.000002,0.215954,0.000155,0,0,0.000022,0.000002,0.000002,0.214564,0.000000,0.000544,0.000553,0,0,4
gf2_122,pari,14,12,12,0,12,11,0.035015,0.035620,0.000098,0.000005,0.000000,0.000000,0.034885,0.000121,0,0,0.000003,0.000000,0.000000,0.035195,0.000000,0.000097,0.000318,0,0,1
gf2_122,pari,15,40,40,0,40,39,0.116784,0.117538,0.000145,0.000018,0.000001,0.000001,0.116634,0.000120,0,0,0.000013,0.000001,0.000001,0.116670,0.000000,0.000379,0.000453,0,0,3
gf2_122-gls,agm,0,150,150,0,150,149,0.018094,0.019323,0.000306,0.000031,0.000002,0.000002,0.017856,0.000187,0,0,0.000044,0.000002,0.000002,0.017239,0.000000,0.000730,0.001289,0,0,20
gf2_122-gls,agm,1,223,223,0,223,222,0.026436,0.028180,0.000321,0.000046,0.000003,0.000003,0.026172,0.000189,0,0,0.000046,0.000003,0.000003,0.025776,0.000000,0.001190,0.001138,0,0,16
gf2_122-gls,agm,2,15,15,0,15,14,0.001992,0.002222,0.000126,0.000003,0.000000,0.000000,0.001862,0.000125,0,0,0.000003,0.000000,0.000000,0.001778,0.000000,0.000072,0.000365,0,0,1
gf2_122-gls,agm,3,18,18,0,18,17,0.002254,0.002632,0.000144,0.000004,0.000000,0.000000,0.002141,0.000106,0,0,0.000004,0.000000,0.000000,0.002149,0.000000,0.000085,0.000391,0,0,2
gf2_122-gls,agm,4,86,86,0,86,85,0.010274,0.011401,0.000199,0.000018,0.000001,0.000001,0.010089,0.000140,0,0,0.000018,0.000001,0.000001,0.010114,0.000000,0.000486,0.000771,0,0,9
gf2_122-gls,agm,5,3,3,0,3,2,0.000483,0.000678,0.000091,0.000001,0.000000,0.000000,0.000382,0.000100,0,0,0.000001,0.000000,0.000000,0.000377,0.000000,0.000015,0.000285,0,0,0
gf2_122-gls,agm,6,9,9,0,9,8,0.001279,0.001441,0.000099,0.000002,0.000000,0.000000,0.001174,0.000103,0,0,0.000002,0.000000,0.000000,0.001123,0.000000,0.000039,0.000276,0,0,0
gf2_122-gls,agm,7,9,9,0,9,8,0.001270,0.001593,0.000120,0.000002,0.000000,0.000000,0.001157,0.000110,0,0,0.000002,0.000000,0.000000,0.001073,0.000000,0.000021,0.000495,0,0,5
gf2_122-gls,agm,8,28,28,0,28,27,0.003584,0.003860,0.000117,0.000006,0.000000,0.000000,0.003468,0.000106,0,0,0.000006,0.000000,0.000000,0.003337,0.000000,0.000146,0.000367,0,0,2
gf2_122-gls,agm,9,16,16,0,16,15,0.001982,0.002460,0.000120,0.000003,0.000000,0.000000,0.001869,0.000107,0,0,0.000003,0.000000,0.000000,0.001918,0.000000,0.000076,0.000459,0,0,2
gf2_122-gls,agm,10,7,7,0,7,6,0.000955,0.001083,0.000088,0.000001,0.000000,0.000000,0.000856,0.000096,0,0,0.000001,0.000000,0.000000,0.000800,0.000000,0.000032,0.000249,0,0,0
gf2_122-gls,agm,11,25,25,0,25,24,0.003051,0.003572,0.000180,0.000005,0.000000,0.000000,0.002930,0.000113,0,0,0.000005,0.000000,0.000000,0.002935,0.000000,0.000109,0.000519,0,0,4
gf2_122-gls,agm,12,48,48,0,48,47,0.005929,0.006479,0.000152,0.000010,0.000001,0.000001,0.005793,0.000119,0,0,0.000010,0.000001,0.000001,0.005666,0.000000,0.000233,0.000563,0,0,6
gf2_122-gls,agm,13,40,40,0,40,39,0.004766,0.005528,0.000113,0.000008,0.000000,0.000000,0.004647,0.000106,0,0,0.000008,0.000000,0.000000,0.004895,0.000000,0.000275,0.000344,0,0,1
gf2_122-gls,agm,14,9,9,0,9,8,0.001179,0.001464,0.000110,0.000002,0.000000,0.000000,0.001069,0.000106,0,0,0.000002,0.000000,0.000000,0.001064,0.000000,0.000033,0.000363,0,0,2
gf2_122-gls,agm,15,69,69,0,69,68,0.008446,0.009053,0.000153,0.000015,0.000001,0.000001,0.008296,0.000126,0,0,0.000014,0.000001,0.000001,0.008052,0.000000,0.000364,0.000613,0,0,5
gf2_122-gls,pari,0,150,150,0,150,149,0.430574,0.432247,0.000293,0.000074,0.000003,0.000003,0.430235,0.000216,0,0,0.000047,0.000003,0.000003,0.429887,0.000000,0.000903,0.001339,0,0,20
gf2_122-gls,pari,1,223,223,0,223,222,0.640557,0.646902,0.000318,0.000112,0.000005,0.000005,0.640129,0.000252,0,0,0.000073,0.000005,0.000005,0.644043,0.000000,0.001441,0.001236,0,0,16
gf2_122-gls,pari,2,15,15,0,15,14,0.044407,0.043318,0.000106,0.000007,0.000000,0.000000,0.044286,0.000110,0,0,0.000004,0.000000,0.000000,0.042904,0.000000,0.000080,0.000321,0,0,1
gf2_122-gls,pari,3,18,18,0,18,17,0.052265,0.052115,0.000149,0.000008,0.000000,0.000000,0.052142,0.000111,0,0,0.000006,0.000000,0.000000,0.051631,0.000000,0.000102,0.000366,0,0,2
gf2_122-gls,pari,4,86,86,0,86,85,0.247904,0.251388,0.000197,0.000038,0.000002,0.000002,0.247656,0.000186,0,0,0.000038,0.000005,0.000002,0.249853,0.000000,0.000651,0.000798,0,0,9
gf2_122-gls,pari,5,3,3,0,3,2,0.009396,0.009146,0.000091,0.000002,0.000000,0.000000,0.009269,0.000124,0,0,0.000001,0.000000,0.000000,0.008803,0.000000,0.000031,0.000309,0,0,0
gf2_122-gls,pari,6,9,9,0,9,8,0.026750,0.026128,0.000097,0.000004,0.000000,0.000000,0.026616,0.000127,0,0,0.000003,0.000000,0.000000,0.025761,0.000000,0.000044,0.000315,0,0,0
gf2_122-gls,pari,7,9,9,0,9,8,0.026492,0.026404,0.000121,0.000004,0.000000,0.000000,0.026373,0.000112,0,0,0.000003,0.000000,0.000000,0.025850,0.000000,0.000024,0.000522,0,0,5
gf2_122-gls,pari,8,28,28,0,28,27,0.080907,0.081070,0.000118,0.000013,0.000001,0.000001,0.080771,0.000115,0,0,0.000010,0.000001,0.000001,0.080437,0.000000,0.000231,0.000377,0,0,2
gf2_122-gls,pari,9,16,16,0,16,15,0.047204,0.046524,0.000113,0.000009,0.000000,0.000000,0.047074,0.000116,0,0,0.000005,0.000000,0.000000,0.046014,0.000000,0.000084,0.000413,0,0,2
gf2_122-gls,pari,10,7,7,0,7,6,0.021190,0.020553,0.000103,0.000011,0.000000,0.000000,0.021068,0.000108,0,0,0.000002,0.000000,0.000000,0.020235,0.000000,0.000035,0.000276,0,0,0
gf2_122-gls,pari,11,25,25,0,25,24,0.073098,0.072213,0.000134,0.000012,0.000001,0.000001,0.072959,0.000120,0,0,0.000008,0.000001,0.000001,0.071551,0.000000,0.000135,0.000505,0,0,4
gf2_122-gls,pari,12,48,48,0,48,47,0.139185,0.139621,0.000154,0.000021,0.000001,0.000001,0.139017,0.000134,0,0,0.000019,0.000001,0.000001,0.138604,0.000000,0.000338,0.000634,0,0,6
gf2_122-gls,pari,13,40,40,0,40,39,0.115108,0.115712,0.000115,0.000019,0.000001,0.000001,0.114956,0.000123,0,0,0.000013,0.000001,0.000001,0.115033,0.000000,0.000293,0.000351,0,0,1
gf2_122-gls,pari,14,9,9,0,9,8,0.026244,0.026095,0.000133,0.000004,0.000000,0.000000,0.026130,0.000108,0,0,0.000003,0.000000,0.000000,0.025670,0.000000,0.000051,0.000367,0,0,2
gf2_122-gls,pari,15,69,69,0,69,68,0.199390,0.199876,0.000157,0.000030,0.000001,0.000001,0.199197,0.000143,0,0,0.000022,0.000001,0.000001,0.198680,0.000000,0.000444,0.000695,0,0,5
edwards127,pari+sieve,0,243,21,12,14,123,0.914099,1.241175,0.000582,0.000416,0.000085,0.005527,0.907947,0.000111,66,37,0.000391,0.000227,0.142278,1.091071,0.006755,0.000187,0.000246,66,44,4
edwards127,pari+sieve,1,138,20,10,15,73,0.977731,1.293584,0.000396,0.000237,0.000064,0.003741,0.973541,0.000137,38,16,0.000234,0.000137,0.128602,1.149590,0.014572,0.000167,0.000267,38,21,5
edwards127,pari+sieve,2,192,27,17,16,92,0.936055,1.453279,0.000475,0.000306,0.000063,0.005613,0.929946,0.000114,50,16,0.000299,0.000173,0.166564,1.266765,0.019042,0.000169,0.000250,50,27,7
edwards127,pari+sieve,3,53,5,1,4,25,0.302005,0.349632,0.000204,0.000088,0.000018,0.001234,0.300549,0.000113,15,6,0.000083,0.000049,0.035096,0.297347,0.016758,0.000037,0.000256,15,7,3
edwards127,pari+sieve,4,60,5,2,4,25,0.259988,0.362236,0.000202,0.000097,0.000018,0.001224,0.258527,0.000118,10,11,0.000089,0.000043,0.034933,0.320987,0.005903,0.000037,0.000236,10,12,1
edwards127,pari+sieve,5,68,6,3,3,34,0.240439,0.266629,0.000239,0.000112,0.000024,0.001857,0.238335,0.000108,19,10,0.000110,0.000066,0.033471,0.232705,0.000000,0.000025,0.000247,19,13,0
edwards127,pari+sieve,6,124,15,6,12,61,0.846971,1.112484,0.000343,0.000213,0.000043,0.003832,0.842757,0.000117,29,18,0.000204,0.000112,0.104262,0.971026,0.036446,0.000130,0.000288,29,21,7
edwards127,pari+sieve,7,696,85,46,59,327,3.742848,5.332214,0.001436,0.001174,0.000226,0.018521,3.722708,0.000174,150,93,0.001103,0.000574,0.530724,4.720077,0.078626,0.000733,0.000318,150,119,19
edwards127,pari+sieve,8,22,3,1,2,12,0.155454,0.167795,0.000136,0.000039,0.000009,0.001071,0.154236,0.000097,6,4,0.000038,0.000022,0.016751,0.150739,0.000000,0.000025,0.000216,6,5,0
edwards127,pari+sieve,9,68,7,4,3,35,0.241930,0.260481,0.000273,0.000120,0.000024,0.001692,0.239983,0.000106,21,8,0.000110,0.000076,0.031055,0.225286,0.003665,0.000022,0.000260,21,12,2
edwards127,pari+sieve,10,38,5,2,4,14,0.254224,0.352799,0.000161,0.000063,0.000011,0.000819,0.253223,0.000105,7,3,0.000054,0.000027,0.034078,0.312426,0.005912,0.000040,0.000255,7,4,1
edwards127,pari+sieve,11,117,10,1,10,53,0.729392,0.920773,0.000320,0.000215,0.000037,0.002205,0.726773,0.000154,32,12,0.000183,0.000107,0.081559,0.816778,0.021744,0.000125,0.000258,32,12,4
edwards127,pari+sieve,12,3,1,0,1,1,0.078999,0.085993,0.000098,0.000021,0.000002,0.000137,0.078727,0.000111,1,0,0.000006,0.000004,0.007860,0.077908,0.000000,0.000000,0.000213,1,0,0
edwards127,pari+sieve,13,901,104,49,77,461,5.157352,7.012878,0.001920,0.001611,0.000372,0.023985,5.131111,0.000205,235,123,0.001481,0.000843,0.705811,6.172368,0.130956,0.000965,0.000376,235,150,28
edwards127,pari+sieve,14,473,46,26,29,246,1.971640,2.788980,0.001061,0.000806,0.000169,0.011242,1.959261,0.000133,131,70,0.000789,0.000486,0.287442,2.449083,0.050458,0.000406,0.000280,131,87,11
edwards127,pari+sieve,15,51,9,3,9,30,0.539627,0.787197,0.000212,0.000117,0.000022,0.001624,0.537744,0.000115,13,9,0.000091,0.000057,0.070409,0.699854,0.016426,0.000095,0.000254,13,9,2
weier127,pari+sieve,0,151,23,13,16,150,1.030441,1.409745,0.000227,0.000036,0.000002,0.007004,1.023270,0.000114,0,128,0.000031,0.000002,0.141236,1.249862,0.018048,0.000285,0.000263,0,135,4
weier127,pari+sieve,1,321,48,26,34,320,2.229971,3.043159,0.000426,0.000078,0.000004,0.014684,2.215028,0.000146,0,273,0.000066,0.000004,0.308334,2.669643,0.064121,0.000640,0.000313,0,287,13
weier127,pari+sieve,2,49,7,2,5,48,0.409475,0.451820,0.000151,0.000011,0.000001,0.003015,0.406333,0.000110,0,42,0.000010,0.000001,0.055979,0.392252,0.003238,0.000080,0.000253,0,44,3
weier127,pari+sieve,3,312,38,13,28,311,2.103200,2.500074,0.000400,0.000076,0.000004,0.013942,2.089002,0.000147,0,274,0.000063,0.000004,0.238070,2.212497,0.048602,0.000523,0.000279,0,284,10
weier127,pari+sieve,4,42,4,1,4,41,0.274246,0.354779,0.000127,0.000009,0.000001,0.001829,0.272306,0.000097,0,38,0.000008,0.000001,0.032147,0.321110,0.001211,0.000073,0.000222,0,38,1
weier127,pari+sieve,5,109,19,15,11,108,0.599989,1.012982,0.000198,0.000031,0.000002,0.006302,0.593532,0.000109,0,90,0.000023,0.000001,0.116239,0.888515,0.007708,0.000212,0.000269,0,98,2
weier127,pari+sieve,6,174,37,18,29,173,1.672503,2.604052,0.000277,0.000053,0.000002,0.009816,1.662463,0.000149,0,137,0.000036,0.000002,0.260102,2.284891,0.058115,0.000559,0.000319,0,145,13
weier127,pari+sieve,7,562,75,35,54,561,3.633957,4.929844,0.000614,0.000146,0.000007,0.025548,3.608009,0.000176,0,487,0.000129,0.000015,0.499152,4.310938,0.118106,0.001067,0.000373,0,508,22
weier127,pari+sieve,8,161,27,14,22,160,1.247754,1.929592,0.000246,0.000039,0.000002,0.008728,1.238838,0.000129,0,134,0.000039,0.000002,0.187899,1.706315,0.034669,0.000395,0.000249,0,139,6
weier127,pari+sieve,9,6,4,3,4,5,0.134651,0.314309,0.000109,0.000003,0.000000,0.000738,0.133807,0.000101,0,2,0.000002,0.000000,0.031402,0.282602,0.000000,0.000058,0.000242,0,2,0
weier127,pari+sieve,10,468,84,56,53,467,3.391198,4.826460,0.000537,0.000117,0.000006,0.024670,3.366196,0.000162,0,384,0.000113,0.000006,0.495125,4.258775,0.071031,0.001036,0.000316,0,415,14
weier127,pari+sieve,11,135,20,10,13,134,0.851527,1.175125,0.000229,0.000032,0.000002,0.006619,0.844744,0.000116,0,115,0.000029,0.000002,0.122335,1.021686,0.030550,0.000227,0.000271,0,122,6
weier127,pari+sieve,12,179,27,11,18,178,1.295370,1.564869,0.000348,0.000046,0.000002,0.009086,1.286072,0.000145,0,152,0.000036,0.000002,0.165947,1.354460,0.043806,0.000330,0.000264,0,161,10
weier127,pari+sieve,13,46,5,2,4,45,0.237618,0.353392,0.000131,0.000010,0.000001,0.001906,0.235599,0.000098,0,41,0.000009,0.000001,0.034634,0.315348,0.003118,0.000054,0.000222,0,42,1
weier127,pari+sieve,14,147,23,12,18,146,1.056414,1.648716,0.000329,0.000051,0.000002,0.007181,1.049050,0.000115,0,124,0.000030,0.000002,0.160535,1.447570,0.039844,0.000384,0.000325,0,129,7
weier127,pari+sieve,15,2,1,0,1,1,0.084632,0.091080,0.000096,0.000000,0.000000,0.000203,0.084332,0.000096,0,1,0.000001,0.000000,0.007735,0.083125,0.000000,0.000000,0.000218,0,1,0
edwards61x2,pari+sieve,0,3,1,0,1,0,0.066549,0.071624,0.000154,0.000003,0.000000,0.000554,0.065891,0.000100,0,0,0.000003,0.000000,0.006194,0.065194,0.000000,0.000000,0.000233,0,0,0
edwards61x2,pari+sieve,1,14,1,0,1,7,0.059383,0.065143,0.000111,0.000013,0.000000,0.000546,0.058724,0.000098,0,7,0.000013,0.000000,0.006449,0.058453,0.000000,0.000000,0.000225,0,7,0
edwards61x2,pari+sieve,2,288,26,11,22,154,1.317061,1.727815,0.000509,0.000278,0.000002,0.018496,1.298136,0.000130,0,129,0.000253,0.000002,0.155065,1.535841,0.036091,0.000272,0.000266,0,133,6
edwards61x2,pari+sieve,3,10,3,2,2,7,0.108772,0.154049,0.000115,0.000020,0.000000,0.001833,0.106818,0.000098,0,5,0.000010,0.000000,0.018672,0.135104,0.000000,0.000021,0.000239,0,6,0
edwards61x2,pari+sieve,4,21,2,1,2,7,0.088238,0.149191,0.000116,0.000018,0.000000,0.001572,0.086548,0.000099,0,6,0.000017,0.000000,0.013457,0.135465,0.000000,0.000023,0.000227,0,6,0
edwards61x2,pari+sieve,5,39,7,3,6,19,0.339411,0.444661,0.000144,0.000038,0.000000,0.004257,0.335008,0.000105,0,13,0.000035,0.000000,0.040610,0.395214,0.008511,0.000044,0.000240,0,14,2
edwards61x2,pari+sieve,6,137,11,5,10,61,0.456615,0.734969,0.000248,0.000131,0.000001,0.008505,0.447861,0.000108,0,51,0.000116,0.000001,0.071941,0.662412,0.000133,0.000103,0.000252,0,52,1
edwards61x2,pari+sieve,7,27,2,0,2,10,0.134337,0.144922,0.000122,0.000022,0.000000,0.001896,0.132315,0.000102,0,9,0.000022,0.000000,0.013265,0.131285,0.000083,0.000009,0.000254,0,9,1
edwards61x2,pari+sieve,8,116,15,7,12,62,0.660305,0.916942,0.000250,0.000125,0.000001,0.010127,0.649887,0.000157,0,48,0.000104,0.000001,0.086676,0.811129,0.018624,0.000120,0.000274,0,51,6
edwards61x2,pari+sieve,9,114,12,8,9,67,0.409698,0.704939,0.000246,0.000160,0.000001,0.008073,0.401342,0.000112,0,56,0.000106,0.000001,0.069166,0.628269,0.007002,0.000122,0.000261,0,59,2
edwards61x2,pari+sieve,10,195,20,9,17,94,0.823664,1.243326,0.000349,0.000199,0.000001,0.015000,0.808321,0.000129,0,75,0.000215,0.000001,0.118190,1.087500,0.036983,0.000141,0.000258,0,78,6
edwards61x2,pari+sieve,11,168,17,7,15,87,0.803932,1.115894,0.000326,0.000152,0.000001,0.016021,0.787605,0.000141,0,71,0.000146,0.000001,0.108894,0.993053,0.013399,0.000131,0.000255,0,73,5
edwards61x2,pari+sieve,12,511,56,21,52,263,2.880546,4.019004,0.000746,0.000480,0.000004,0.034115,2.845735,0.000162,0,208,0.000486,0.000003,0.343645,3.611393,0.062518,0.000579,0.000326,0,212,18
edwards61x2,pari+sieve,13,219,13,7,11,96,0.579194,0.828161,0.000359,0.000193,0.000001,0.010362,0.568515,0.000110,0,84,0.000196,0.000001,0.080501,0.739043,0.008053,0.000109,0.000244,0,86,3
edwards61x2,pari+sieve,14,77,6,2,5,39,0.295120,0.380668,0.000186,0.000087,0.000001,0.004408,0.290511,0.000108,0,34,0.000066,0.000001,0.038516,0.341089,0.000688,0.000034,0.000267,0,35,3
edwards61x2,pari+sieve,15,24,4,1,4,11,0.208741,0.306573,0.000124,0.000022,0.000000,0.002874,0.205717,0.000125,0,8,0.000021,0.000000,0.025713,0.269560,0.011011,0.000025,0.000238,0,8,2
weier61x2,pari+sieve,0,150,28,13,23,149,1.294758,1.806242,0.000255,0.000069,0.000002,0.018605,1.275936,0.000126,0,122,0.000059,0.000002,0.162311,1.613743,0.028775,0.001054,0.000274,0,127,8
weier61x2,pari+sieve,1,25,4,1,3,24,0.211012,0.227393,0.000120,0.000016,0.000000,0.002426,0.208456,0.000110,0,21,0.000010,0.000000,0.021215,0.205623,0.000205,0.000094,0.000240,0,22,1
weier61x2,pari+sieve,2,6,1,0,1,5,0.071779,0.077228,0.000103,0.000002,0.000000,0.000679,0.070996,0.000101,0,5,0.000003,0.000000,0.006258,0.070732,0.000000,0.000000,0.000233,0,5,0
weier61x2,pari+sieve,3,31,6,1,6,30,0.363050,0.442077,0.000149,0.000014,0.000000,0.003488,0.359409,0.000135,0,25,0.000012,0.000000,0.037701,0.400561,0.003305,0.000248,0.000243,0,25,2
weier61x2,pari+sieve,4,49,6,3,6,48,0.268450,0.422782,0.000134,0.000020,0.000001,0.004688,0.263633,0.000103,0,43,0.000020,0.000001,0.039035,0.383243,0.000000,0.000241,0.000235,0,43,0
weier61x2,pari+sieve,5,6,2,1,2,5,0.112695,0.138641,0.000103,0.000003,0.000000,0.001049,0.111543,0.000099,0,4,0.000002,0.000000,0.012230,0.126131,0.000000,0.000042,0.000233,0,4,0
weier61x2,pari+sieve,6,60,5,3,5,59,0.264192,0.378438,0.000145,0.000025,0.000001,0.004864,0.259188,0.000110,0,55,0.000024,0.000001,0.033486,0.344488,0.000000,0.000193,0.000239,0,55,0
weier61x2,pari+sieve,7,62,10,4,9,61,0.539676,0.715228,0.000158,0.000044,0.000001,0.006746,0.532767,0.000111,0,52,0.000025,0.000001,0.064223,0.642862,0.007387,0.000464,0.000255,0,53,3
weier61x2,pari+sieve,8,33,4,2,3,32,0.153220,0.230349,0.000128,0.000022,0.000000,0.004581,0.148498,0.000116,0,29,0.000013,0.000000,0.026990,0.197957,0.005056,0.000088,0.000239,0,30,1
weier61x2,pari+sieve,9,95,16,7,14,94,0.735608,1.112247,0.000189,0.000055,0.000001,0.012546,0.722880,0.000116,0,79,0.000037,0.000001,0.098822,0.977829,0.034693,0.000580,0.000270,0,81,6
weier61x2,pari+sieve,10,439,52,23,40,438,2.395494,3.089639,0.000478,0.000222,0.000006,0.041889,2.353171,0.000165,0,387,0.000169,0.000005,0.316277,2.706612,0.064367,0.001837,0.000315,0,399,13
weier61x2,pari+sieve,11,132,13,7,9,131,0.495811,0.701150,0.000205,0.000055,0.000002,0.012698,0.482914,0.000131,0,119,0.000051,0.000002,0.079166,0.612201,0.009060,0.000400,0.000254,0,123,3
weier61x2,pari+sieve,12,95,19,6,16,94,1.018839,1.245998,0.000180,0.000043,0.000001,0.012264,1.006397,0.000123,0,76,0.000037,0.000001,0.135651,1.088051,0.021305,0.000680,0.000256,0,79,4
weier61x2,pari+sieve,13,46,7,4,5,45,0.273087,0.394381,0.000175,0.000020,0.000001,0.004152,0.268797,0.000113,0,39,0.000018,0.000001,0.036412,0.342926,0.014580,0.000194,0.000240,0,41,2
weier61x2,pari+sieve,14,270,34,14,29,269,1.589441,2.237947,0.000327,0.000117,0.000004,0.027323,1.561834,0.000138,0,236,0.000105,0.000003,0.204408,1.982617,0.049147,0.001329,0.000303,0,241,11
weier61x2,pari+sieve,15,61,8,2,7,60,0.438499,0.527697,0.000151,0.000031,0.000001,0.005316,0.433035,0.000110,0,53,0.000024,0.000001,0.046224,0.469800,0.011096,0.000285,0.000259,0,54,3
twisted61x2,pari+sieve,0,3,2,1,2,2,0.069061,0.141460,0.000096,0.000003,0.000000,0.001017,0.067922,0.000118,0,1,0.000003,0.000000,0.012088,0.129136,0.000000,0.000008,0.000224,0,1,0
twisted61x2,pari+sieve,1,360,40,16,32,196,1.848144,2.439183,0.000427,0.000242,0.000003,0.027799,1.819929,0.000143,0,157,0.000206,0.000003,0.231674,2.174793,0.031836,0.000342,0.000289,0,165,10
twisted61x2,pari+sieve,2,79,9,4,6,41,0.373646,0.459152,0.000167,0.000047,0.000001,0.006446,0.367027,0.000107,0,33,0.000046,0.000001,0.050942,0.403012,0.004831,0.000073,0.000240,0,36,1
twisted61x2,pari+sieve,3,266,30,12,27,139,1.401350,2.045006,0.000335,0.000171,0.000002,0.019274,1.381724,0.000161,0,110,0.000166,0.000002,0.188402,1.813427,0.042394,0.000272,0.000316,0,113,11
twisted61x2,pari+sieve,4,234,26,8,22,118,1.349077,1.739944,0.000303,0.000166,0.000002,0.018609,1.330097,0.000187,0,93,0.000130,0.000002,0.158630,1.538655,0.041989,0.000202,0.000300,0,97,11
twisted61x2,pari+sieve,5,107,13,5,13,55,0.642265,0.970479,0.000191,0.000077,0.000001,0.007478,0.634567,0.000135,0,43,0.000063,0.000001,0.081420,0.880611,0.008004,0.000117,0.000250,0,43,3
twisted61x2,pari+sieve,6,242,30,11,28,130,1.446188,2.090234,0.000320,0.000149,0.000002,0.019251,1.426630,0.000139,0,101,0.000143,0.000002,0.182973,1.866988,0.039514,0.000283,0.000302,0,103,10
twisted61x2,pari+sieve,7,955,103,50,83,455,4.671000,6.356637,0.000939,0.000593,0.000006,0.068448,4.601695,0.000192,0,353,0.000567,0.000006,0.629787,5.645167,0.079719,0.000872,0.000439,0,373,28
twisted61x2,pari+sieve,8,39,5,1,5,22,0.289677,0.366688,0.000129,0.000025,0.000000,0.003383,0.286160,0.000106,0,18,0.000023,0.000000,0.031210,0.330608,0.004577,0.000032,0.000232,0,18,1
twisted61x2,pari+sieve,9,79,3,1,3,35,0.173724,0.235111,0.000154,0.000058,0.000000,0.002690,0.170856,0.000115,0,33,0.000042,0.000000,0.019524,0.213862,0.001415,0.000017,0.000245,0,33,1
twisted61x2,pari+sieve,10,24,5,2,5,14,0.280423,0.377819,0.000134,0.000016,0.000000,0.002370,0.277889,0.000145,0,10,0.000015,0.000000,0.030459,0.338712,0.008338,0.000055,0.000234,0,10,2
twisted61x2,pari+sieve,11,475,48,18,36,237,2.263171,2.816853,0.000510,0.000309,0.000003,0.031924,2.230743,0.000153,0,190,0.000263,0.000003,0.304900,2.449095,0.061821,0.000383,0.000350,0,202,13
twisted61x2,pari+sieve,12,301,20,9,17,141,0.924017,1.336138,0.000368,0.000180,0.000002,0.015197,0.908503,0.000119,0,122,0.000172,0.000002,0.122511,1.194647,0.018314,0.000180,0.000289,0,125,6
twisted61x2,pari+sieve,13,172,20,6,17,81,1.082950,1.289402,0.000243,0.000104,0.000001,0.013257,1.069452,0.000123,0,62,0.000093,0.000001,0.115210,1.145692,0.027968,0.000164,0.000256,0,65,5
twisted61x2,pari+sieve,14,409,53,21,44,220,2.543299,3.356953,0.000493,0.000293,0.000003,0.031371,2.511364,0.000237,0,168,0.000237,0.000003,0.315134,2.981408,0.059352,0.000411,0.000368,0,177,15
twisted61x2,pari+sieve,15,222,20,7,18,109,1.115026,1.400996,0.000287,0.000135,0.000001,0.011959,1.102789,0.000128,0,90,0.000123,0.000001,0.122270,1.246741,0.031363,0.000224,0.000255,0,92,6
twisted64x2,pari+sieve,0,519,51,26,40,245,2.774582,4.162243,0.000763,0.000454,0.000003,0.014845,2.759097,0.000150,0,195,0.000419,0.000003,0.416259,3.675965,0.068639,0.000620,0.000292,0,206,11
twisted64x2,pari+sieve,1,1019,121,61,83,487,6.390058,8.542157,0.001391,0.000988,0.000007,0.031124,6.357625,0.000237,0,367,0.000853,0.000006,0.884101,7.558014,0.097472,0.001214,0.000418,0,405,37
twisted64x2,pari+sieve,2,370,41,24,27,172,1.940022,2.780283,0.000609,0.000334,0.000002,0.012098,1.927427,0.000137,0,132,0.000305,0.000002,0.290344,2.445864,0.043022,0.000401,0.000303,0,146,7
twisted64x2,pari+sieve,3,319,28,15,18,161,1.627524,2.027205,0.000554,0.000275,0.000002,0.008297,1.618790,0.000140,0,134,0.000265,0.000002,0.198550,1.765741,0.062109,0.000233,0.000277,0,144,8
twisted64x2,pari+sieve,4,134,26,10,20,77,1.651733,2.054785,0.000304,0.000132,0.000001,0.005829,1.645623,0.000135,0,52,0.000136,0.000001,0.216354,1.809966,0.027758,0.000273,0.000279,0,58,8
twisted64x2,pari+sieve,5,57,4,3,1,18,0.092977,0.097930,0.000151,0.000095,0.000000,0.001651,0.091122,0.000102,0,15,0.000039,0.000000,0.012522,0.085119,0.000000,0.000000,0.000240,0,18,0
twisted64x2,pari+sieve,6,322,52,27,34,166,2.730221,3.415652,0.000527,0.000347,0.000002,0.012535,2.717168,0.000142,0,115,0.000284,0.000002,0.361630,3.010584,0.042339,0.000479,0.000302,0,133,10
twisted64x2,pari+sieve,7,36,1,0,1,13,0.092635,0.100212,0.000138,0.000048,0.000016,0.000564,0.091904,0.000102,0,13,0.000027,0.000000,0.009407,0.090538,0.000000,0.000000,0.000237,0,13,0
twisted64x2,pari+sieve,8,1256,152,73,106,620,8.545720,10.882917,0.001731,0.001203,0.000009,0.041701,8.502410,0.000309,0,469,0.001088,0.000008,1.157886,9.587191,0.134716,0.001416,0.000511,0,515,44
twisted64x2,pari+sieve,9,449,49,25,31,220,2.544757,3.251699,0.000699,0.000395,0.000003,0.013546,2.530633,0.000151,0,172,0.000396,0.000003,0.376548,2.834014,0.039944,0.000475,0.000285,0,190,10
twisted64x2,pari+sieve,10,100,11,5,9,50,0.597262,0.898066,0.000233,0.000088,0.000001,0.003562,0.593493,0.000112,0,40,0.000083,0.000001,0.098490,0.779460,0.019683,0.000090,0.000249,0,42,3
twisted64x2,pari+sieve,11,8,2,1,1,2,0.089228,0.094984,0.000105,0.000007,0.000000,0.000522,0.088596,0.000102,0,1,0.000007,0.000000,0.010012,0.084729,0.000000,0.000000,0.000234,0,2,0
twisted64x2,pari+sieve,12,440,57,36,35,233,2.711812,3.633254,0.000705,0.000405,0.000003,0.017442,2.693791,0.000139,0,177,0.000390,0.000013,0.410939,3.176079,0.045063,0.000431,0.000302,0,199,10
twisted64x2,pari+sieve,13,4,1,0,1,1,0.092597,0.102115,0.000109,0.000003,0.000000,0.000206,0.092269,0.000118,0,1,0.000004,0.000000,0.009433,0.092438,0.000000,0.000000,0.000238,0,1,0
twisted64x2,pari+sieve,14,439,58,29,40,196,2.902334,4.102872,0.000630,0.000392,0.000003,0.014518,2.887202,0.000169,0,139,0.000356,0.000003,0.432034,3.574665,0.094969,0.000494,0.000311,0,157,13
twisted64x2,pari+sieve,15,81,8,4,5,33,0.461840,0.518583,0.000186,0.000065,0.000000,0.002108,0.459552,0.000110,0,26,0.000061,0.000000,0.057097,0.457447,0.003687,0.000046,0.000237,0,29,1
twisted-goldilocks2,pari+sieve,0,360,47,20,35,184,2.477441,3.333242,0.000852,0.000457,0.000003,0.013272,2.463521,0.000148,0,138,0.000372,0.000002,0.312179,3.003099,0.016630,0.000618,0.000306,0,150,8
twisted-goldilocks2,pari+sieve,1,23,3,2,1,11,0.093003,0.095756,0.000150,0.000048,0.000000,0.000843,0.091989,0.000120,0,9,0.000024,0.000000,0.009431,0.086072,0.000000,0.000000,0.000227,0,11,0
twisted-goldilocks2,pari+sieve,2,157,20,9,15,77,1.128071,1.445666,0.000456,0.000184,0.000001,0.005312,1.122398,0.000164,0,58,0.000161,0.000001,0.132844,1.274755,0.037407,0.000221,0.000259,0,63,7
twisted-goldilocks2,pari+sieve,3,147,23,12,18,75,1.159070,1.695298,0.000447,0.000174,0.000001,0.005844,1.152920,0.000117,0,53,0.000166,0.000001,0.166840,1.508476,0.019231,0.000292,0.000274,0,58,7
twisted-goldilocks2,pari+sieve,4,322,44,21,34,165,2.496040,3.321699,0.000808,0.000414,0.000002,0.011107,2.484262,0.000228,0,122,0.000345,0.000002,0.316914,2.975234,0.028348,0.000539,0.000280,0,132,10
twisted-goldilocks2,pari+sieve,5,819,123,68,85,406,5.890551,8.328249,0.001824,0.001008,0.000006,0.029363,5.859903,0.000208,0,284,0.000897,0.000005,0.789789,7.417377,0.118414,0.001310,0.000377,0,322,28
twisted-goldilocks2,pari+sieve,6,515,60,30,41,257,3.074052,4.121582,0.001187,0.000620,0.000004,0.016387,3.056853,0.000152,0,198,0.000541,0.000003,0.398652,3.618520,0.102774,0.000745,0.000303,0,217,15
twisted-goldilocks2,pari+sieve,7,1,1,0,1,0,0.086167,0.093970,0.000100,0.000001,0.000000,0.000226,0.085831,0.000109,0,0,0.000002,0.000000,0.008670,0.085052,0.000000,0.000000,0.000246,0,0,0
twisted-goldilocks2,pari+sieve,8,146,15,11,7,71,0.537515,0.727808,0.000424,0.000178,0.000001,0.004144,0.533075,0.000107,0,57,0.000153,0.000001,0.090905,0.636129,0.000267,0.000107,0.000234,0,65,1
twisted-goldilocks2,pari+sieve,9,74,13,6,9,34,0.692173,0.899267,0.000262,0.000086,0.000001,0.003843,0.688122,0.000114,0,22,0.000078,0.000000,0.087065,0.787879,0.023833,0.000139,0.000261,0,26,3
twisted-goldilocks2,pari+sieve,10,91,14,9,5,55,0.435059,0.475819,0.000336,0.000115,0.000001,0.003071,0.431738,0.000127,0,42,0.000090,0.000001,0.059468,0.413651,0.002241,0.000100,0.000257,0,51,3
twisted-goldilocks2,pari+sieve,11,28,5,3,3,17,0.255761,0.270761,0.000182,0.000032,0.000000,0.001168,0.254456,0.000101,0,13,0.000030,0.000000,0.033203,0.236249,0.001011,0.000028,0.000234,0,15,1
twisted-goldilocks2,pari+sieve,12,1452,199,102,140,743,9.736242,13.706532,0.003310,0.001777,0.000029,0.046834,9.687169,0.000320,0,545,0.001558,0.000010,1.286463,12.122469,0.292978,0.002341,0.000573,0,604,53
twisted-goldilocks2,pari+sieve,13,78,6,4,4,33,0.203500,0.383175,0.000246,0.000106,0.000000,0.001718,0.201573,0.000098,0,28,0.000078,0.000000,0.041574,0.336949,0.004207,0.000060,0.000300,0,30,1
twisted-goldilocks2,pari+sieve,14,14,4,2,3,6,0.227053,0.318194,0.000128,0.000019,0.000000,0.000742,0.226176,0.000114,0,3,0.000016,0.000000,0.031814,0.284908,0.001163,0.000030,0.000251,0,4,1
twisted-goldilocks2,pari+sieve,15,684,78,39,53,345,3.869858,5.196990,0.001556,0.000866,0.000005,0.022224,3.846546,0.000169,0,268,0.000695,0.000005,0.490280,4.599521,0.105307,0.000789,0.000335,0,293,21
