time	phase	load1	load5	load15	runnable
1791443626	idle before	2.42	3.48	2.83	
1791443631	idle before	2.23	3.42	2.81	
1791443637	idle before	2.21	3.40	2.81	
1791443642	idle before	2.11	3.36	2.80	
1791443647	idle before	2.02	3.32	2.79	
1791443652	idle before	1.94	3.28	2.78	
1791443657	compare	1.78	3.23	2.76	
1791443662	compare	1.80	3.21	2.75	
1791443667	compare	1.82	3.19	2.75	
1791443672	compare	1.99	3.20	2.76	
1791443677	compare	1.99	3.18	2.75	
1791443682	compare	1.91	3.14	2.74	
1791443687	compare	1.92	3.12	2.74	
1791443692	compare	1.93	3.10	2.73	
1791443697	compare	1.93	3.09	2.73	
1791443702	compare	1.94	3.07	2.72	
1791443707	compare	1.86	3.03	2.71	
1791443712	compare	1.87	3.02	2.71	
1791443717	compare	2.44	3.11	2.75	
1791443722	compare	2.33	3.08	2.74	
1791443727	compare	2.30	3.06	2.73	
1791443733	compare	2.28	3.04	2.73	
1791443738	compare	2.33	3.04	2.73	
1791443743	compare	2.31	3.02	2.72	
1791443748	compare	2.28	3.01	2.72	
1791443753	compare	2.26	2.99	2.71	
1791443758	compare	2.24	2.97	2.71	
1791443763	compare	2.14	2.94	2.70	
1791443768	compare	2.05	2.91	2.69	
1791443773	compare	1.96	2.88	2.68	
1791443778	compare	1.97	2.86	2.68	
1791443783	compare	1.97	2.85	2.67	
1791443788	compare	2.05	2.85	2.67	
1791443793	compare	2.13	2.85	2.67	
1791443798	compare	2.12	2.84	2.67	
1791443803	compare	2.03	2.81	2.66	
1791443808	compare	2.02	2.79	2.66	
1791443813	compare	2.02	2.78	2.65	
1791443818	compare	2.02	2.77	2.65	
1791443823	compare	2.02	2.75	2.64	
1791443828	compare	2.02	2.74	2.64	
1791443833	compare	2.17	2.75	2.64	
1791443838	compare	2.07	2.72	2.63	
1791443843	compare	2.07	2.71	2.63	
1791443849	compare	2.06	2.70	2.63	
1791443854	compare	2.06	2.68	2.62	
1791443859	compare	2.05	2.67	2.62	
1791443864	compare	2.05	2.66	2.61	
1791443869	compare	2.04	2.65	2.61	
1791443874	compare	2.04	2.64	2.61	
1791443879	compare	2.04	2.63	2.60	
1791443884	compare	2.03	2.62	2.60	
1791443889	compare	2.35	2.67	2.62	
1791443894	compare	2.32	2.66	2.61	
1791443899	compare	2.30	2.65	2.61	
1791443904	compare	2.19	2.62	2.60	
1791443909	compare	2.34	2.65	2.61	
1791443914	compare	2.39	2.65	2.61	
1791443919	compare	2.28	2.62	2.60	
1791443924	compare	2.18	2.60	2.59	
1791443929	compare	2.16	2.59	2.59	
1791443934	compare	2.15	2.58	2.58	
1791443939	compare	2.06	2.55	2.57	
1791443944	compare	2.21	2.57	2.58	
1791443949	compare	2.11	2.55	2.57	
1791443954	compare	2.10	2.54	2.57	
1791443960	compare	2.02	2.51	2.56	
1791443965	compare	2.01	2.50	2.56	
1791443970	compare	2.01	2.49	2.55	
1791443975	compare	2.01	2.49	2.55	
1791443980	compare	2.09	2.49	2.55	
1791443985	compare	2.08	2.49	2.55	
1791443990	compare	2.08	2.48	2.55	
1791443995	compare	2.15	2.49	2.55	
1791444000	compare	2.14	2.48	2.54	
1791444005	compare	2.13	2.47	2.54	
1791444010	compare	2.04	2.44	2.53	
1791444015	compare	1.95	2.42	2.52	
1791444020	compare	1.96	2.41	2.52	
1791444025	compare	2.04	2.42	2.52	
1791444030	compare	1.96	2.40	2.51	
1791444035	compare	1.88	2.38	2.50	
1791444040	compare	1.89	2.37	2.50	
1791444045	compare	1.82	2.35	2.49	
1791444050	compare	1.83	2.34	2.49	
1791444055	compare	1.85	2.33	2.48	
1791444060	compare	1.86	2.33	2.48	
1791444065	compare	1.87	2.32	2.48	
1791444071	compare	1.88	2.32	2.48	
1791444076	compare	1.89	2.31	2.47	
1791444081	compare	1.90	2.31	2.47	
1791444086	compare	1.90	2.30	2.47	
1791444091	compare	1.83	2.28	2.46	
1791444096	compare	1.77	2.26	2.45	
1791444101	compare	1.70	2.24	2.44	
1791444106	compare	1.73	2.23	2.44	
1791444111	compare	1.75	2.23	2.44	
1791444116	compare	1.69	2.21	2.43	
1791444121	compare	1.71	2.20	2.42	
1791444126	compare	1.74	2.20	2.42	
1791444131	compare	1.76	2.20	2.42	
1791444136	compare	1.78	2.19	2.41	
1791444141	compare	1.71	2.17	2.41	
1791444146	compare	1.82	2.19	2.41	
1791444151	compare	1.83	2.18	2.41	
1791444156	compare	2.08	2.23	2.42	
1791444161	compare	2.00	2.21	2.41	
1791444166	compare	1.92	2.19	2.41	
1791444171	compare	1.84	2.17	2.40	
1791444176	compare109	1.78	2.15	2.39	
1791444182	compare109	1.79	2.15	2.39	
1791444187	compare109	1.81	2.14	2.38	
1791444192	compare109	1.82	2.14	2.38	
1791444197	compare109	1.84	2.14	2.38	
1791444202	compare109	1.85	2.14	2.38	
1791444207	compare109	1.86	2.13	2.37	
1791444212	compare109	1.87	2.13	2.37	
1791444217	compare109	1.96	2.15	2.38	
1791444222	compare109	1.97	2.14	2.37	
1791444227	compare109	1.89	2.12	2.36	
1791444232	compare109	1.90	2.12	2.36	
1791444237	compare109	1.99	2.14	2.37	
1791444242	compare109	1.91	2.12	2.36	
1791444247	compare109	1.99	2.13	2.36	
1791444252	compare109	1.99	2.13	2.36	
1791444257	compare109	1.99	2.13	2.36	
1791444262	compare109	1.99	2.12	2.35	
1791444267	compare109	1.99	2.12	2.35	
1791444272	compare109	1.91	2.10	2.34	
1791444277	compare109	1.84	2.08	2.33	
1791444282	compare109	1.93	2.10	2.34	
1791444287	compare109	1.86	2.08	2.33	
1791444293	compare109	1.87	2.08	2.33	
1791444298	compare109	1.80	2.06	2.32	
1791444303	compare109	1.82	2.06	2.32	
1791444308	compare109	1.83	2.06	2.32	
1791444313	compare109	1.84	2.06	2.31	
1791444318	compare109	1.78	2.04	2.31	
1791444323	compare109	1.87	2.06	2.31	
1791444328	compare109	1.88	2.05	2.31	
1791444333	compare109	1.89	2.05	2.31	
1791444338	compare109	1.82	2.04	2.30	
1791444343	compare109	1.99	2.07	2.31	
1791444348	compare109	1.99	2.07	2.31	
1791444353	compare109	1.99	2.07	2.30	
1791444358	compare109	2.07	2.08	2.31	
1791444363	compare109	2.07	2.08	2.31	
1791444368	compare109	1.98	2.06	2.30	
1791444373	compare109	1.98	2.06	2.30	
1791444378	compare109	1.98	2.06	2.29	
1791444383	compare109	1.99	2.06	2.29	
1791444388	compare109	1.99	2.06	2.29	
1791444393	compare109	1.99	2.06	2.29	
1791444398	compare109	1.99	2.05	2.29	
1791444404	compare109	1.99	2.05	2.28	
1791444409	compare109	1.99	2.05	2.28	
1791444414	compare109	1.99	2.05	2.28	
1791444419	compare109	2.07	2.07	2.28	
1791444424	compare109	2.06	2.07	2.28	
1791444429	compare109	2.06	2.06	2.28	
1791444434	compare122	2.05	2.06	2.28	
1791444439	compare122	2.05	2.06	2.28	
1791444444	compare122	2.05	2.06	2.27	
1791444449	compare122	1.96	2.04	2.27	
1791444454	compare122	1.96	2.04	2.26	
1791444459	compare122	1.97	2.04	2.26	
1791444464	compare122	1.89	2.02	2.25	
1791444469	compare122	1.82	2.00	2.25	
1791444474	compare122	1.83	2.00	2.25	
1791444479	compare122	1.77	1.99	2.24	
1791444484	compare122	1.86	2.00	2.24	
1791444489	compare122	1.95	2.02	2.25	
1791444494	compare122	1.88	2.00	2.24	
1791444499	compare122	1.81	1.99	2.23	
1791444504	compare122	1.82	1.99	2.23	
1791444509	compare122	1.76	1.97	2.22	
1791444514	compare122	1.78	1.97	2.22	
1791444520	compare122	1.71	1.95	2.21	
1791444525	compare122	1.74	1.95	2.21	
1791444530	compare122	1.68	1.94	2.21	
1791444535	compare122	1.70	1.94	2.20	
1791444540	compare122	1.73	1.94	2.20	
1791444545	compare122	1.67	1.92	2.20	
1791444550	compare122	1.69	1.93	2.19	
1791444555	compare122	1.72	1.93	2.19	
1791444560	compare122	1.74	1.93	2.19	
1791444565	compare122	1.76	1.93	2.19	
1791444570	compare122	1.78	1.93	2.19	
1791444575	compare122	1.80	1.93	2.19	
1791444580	compare122	1.81	1.93	2.19	
1791444585	compare122	2.07	1.98	2.20	
1791444590	compare122	2.06	1.98	2.20	
1791444595	compare122	1.98	1.97	2.19	
1791444600	compare122	2.06	1.98	2.20	
1791444605	compare122	2.05	1.98	2.20	
1791444610	compare122	2.05	1.98	2.19	
1791444615	compare122	2.13	2.00	2.20	
1791444620	compare122	2.04	1.98	2.19	
1791444625	compare122	2.03	1.98	2.19	
1791444631	compare122	2.03	1.98	2.19	
1791444636	compare122	2.03	1.98	2.19	
1791444641	compare122	1.94	1.97	2.18	
1791444646	compare122	2.03	1.98	2.18	
1791444651	compare122	2.03	1.98	2.18	
1791444656	compare122	1.94	1.97	2.18	
1791444661	compare122	1.95	1.97	2.17	
1791444666	compare122	1.95	1.97	2.17	
1791444671	compare122	2.04	1.98	2.18	
1791444676	compare122	2.03	1.98	2.18	
1791444681	compare122	2.03	1.98	2.17	
1791444686	compare122	2.03	1.98	2.17	
1791444691	compare122	2.02	1.98	2.17	
1791444696	compare122	2.74	2.13	2.22	
1791444701	compare122	2.68	2.13	2.22	
1791444706	compare122	2.79	2.16	2.23	
1791444711	compare122	2.73	2.16	2.23	
1791444716	compare122	2.75	2.17	2.23	
1791444721	compare122	2.61	2.15	2.23	
1791444726	compare122	2.48	2.13	2.22	
1791444731	compare122	2.60	2.16	2.23	
1791444736	compare122	2.47	2.15	2.22	
1791444741	compare122	2.43	2.14	2.22	
1791444747	compare122	2.32	2.12	2.21	
1791444752	compare122	2.29	2.12	2.21	
1791444757	compare122	2.69	2.21	2.24	
1791444762	compare122	2.63	2.21	2.24	
1791444767	compare122	2.50	2.19	2.24	
1791444772	compare122	2.38	2.17	2.23	
1791444777	compare122	2.27	2.15	2.22	
1791444782	compare122	2.17	2.13	2.21	
1791444787	compare122	2.40	2.18	2.23	
1791444792	compare122	2.44	2.19	2.23	
1791444797	compare122	2.33	2.17	2.23	
1791444802	compare122	2.54	2.22	2.24	
1791444807	compare122	2.50	2.21	2.24	
1791444812	compare122	2.62	2.24	2.25	
1791444817	compare122	2.57	2.24	2.25	
1791444822	compare122	2.52	2.23	2.25	
1791444827	compare122	2.40	2.21	2.24	
1791444832	compare122	2.37	2.21	2.24	
1791444837	compare122	2.34	2.21	2.24	
1791444842	compare122	2.23	2.19	2.23	
1791444847	compare122	2.21	2.18	2.23	
1791444852	compare122	2.20	2.18	2.23	
1791444858	compare122	2.18	2.18	2.23	
1791444863	compare122	2.25	2.19	2.23	
1791444868	compare122	2.23	2.19	2.23	
1791444873	compare122	2.21	2.18	2.23	
1791444878	compare122	2.19	2.18	2.23	
1791444883	compare122	2.09	2.16	2.22	
1791444888	group	2.09	2.16	2.22	
1791444893	group	2.08	2.15	2.22	
1791444898	group	2.15	2.17	2.22	
1791444903	group	2.06	2.15	2.21	
1791444908	group	2.06	2.14	2.21	
1791444913	group	1.97	2.13	2.20	
1791444918	group	2.05	2.14	2.21	
1791444923	group	2.13	2.15	2.21	
1791444928	group	2.12	2.15	2.21	
1791444933	group	2.03	2.13	2.20	
1791444938	group	1.95	2.11	2.20	
1791444943	group	1.87	2.09	2.19	
1791444948	group	1.88	2.09	2.19	
1791444953	group	1.89	2.09	2.19	
1791444958	group	1.82	2.07	2.18	
1791444963	group	1.83	2.07	2.18	
1791444969	group	1.84	2.07	2.18	
1791444974	group	1.86	2.07	2.17	
1791444979	group	1.87	2.07	2.17	
1791444984	group	1.80	2.05	2.17	
1791444989	group	1.81	2.05	2.17	
1791444994	group	1.83	2.05	2.16	
1791444999	group	1.84	2.04	2.16	
1791445004	group	1.85	2.04	2.16	
1791445009	group	1.87	2.04	2.16	
1791445014	group	1.80	2.02	2.15	
1791445019	group	1.81	2.02	2.15	
1791445024	group	1.83	2.02	2.15	
1791445029	group	1.76	2.01	2.15	
1791445034	group	1.70	1.99	2.14	
1791445039	group	1.72	1.99	2.14	
1791445044	group	1.75	1.99	2.14	
1791445049	group	1.77	1.99	2.14	
1791445054	group	1.70	1.97	2.13	
1791445059	group	1.73	1.97	2.13	
1791445064	group	1.75	1.97	2.13	
1791445069	group	1.85	1.99	2.13	
1791445074	group	1.86	1.99	2.13	
1791445079	group	2.83	2.19	2.20	
1791445085	group	2.77	2.19	2.20	
1791445090	group	2.62	2.17	2.19	
1791445095	group	2.49	2.15	2.18	
1791445100	group	2.37	2.13	2.18	
1791445105	group	2.34	2.12	2.18	
1791445110	group	2.32	2.12	2.17	
1791445115	group	2.29	2.12	2.17	
1791445120	group	2.19	2.10	2.17	
1791445125	group	2.09	2.08	2.16	
1791445130	group	2.08	2.08	2.16	
1791445135	group	2.08	2.08	2.16	
1791445140	group	2.07	2.08	2.16	
1791445145	group	1.98	2.06	2.15	
1791445150	group	1.99	2.06	2.15	
1791445155	group	1.91	2.04	2.14	
1791445160	group	1.91	2.04	2.14	
1791445165	group	1.92	2.04	2.14	
1791445170	group	1.85	2.02	2.13	
1791445175	group	1.86	2.02	2.13	
1791445180	group	1.87	2.02	2.13	
1791445185	group	1.80	2.00	2.12	
1791445190	group	1.82	2.00	2.12	
1791445196	group	1.99	2.04	2.13	
1791445201	group	1.91	2.02	2.13	
1791445206	group	1.92	2.02	2.12	
1791445211	group	1.84	2.00	2.12	
1791445216	group	1.78	1.98	2.11	
1791445221	group	1.79	1.98	2.11	
1791445226	group	1.81	1.98	2.11	
1791445231	group	1.75	1.97	2.10	
1791445236	group	1.77	1.97	2.10	
1791445241	group	1.70	1.95	2.09	
1791445246	group	1.89	1.98	2.11	
1791445251	group	1.90	1.98	2.10	
1791445256	group	1.90	1.98	2.10	
1791445261	group	1.91	1.98	2.10	
1791445266	group	1.92	1.98	2.10	
1791445271	group	1.92	1.98	2.10	
1791445276	group	1.85	1.97	2.09	
1791445281	group	1.86	1.97	2.09	
1791445286	group	1.95	1.99	2.10	
1791445291	group	1.96	1.99	2.10	
1791445296	group	1.96	1.99	2.10	
1791445301	group	2.04	2.00	2.10	
1791445307	group	2.04	2.00	2.10	
1791445312	group	1.96	1.98	2.09	
1791445317	group	1.96	1.98	2.09	
1791445322	group	2.28	2.05	2.11	
1791445327	group	2.18	2.03	2.11	
1791445332	group	2.08	2.02	2.10	
1791445337	group	2.00	2.00	2.09	
1791445342	group	1.92	1.98	2.09	
1791445347	group	1.92	1.98	2.09	
1791445352	group	1.93	1.98	2.08	
1791445357	group	2.18	2.03	2.10	
1791445362	group	2.08	2.01	2.09	
1791445367	group	2.07	2.01	2.09	
1791445372	group	2.07	2.01	2.09	
1791445377	group	1.98	2.00	2.09	
1791445382	group	1.90	1.98	2.08	
1791445387	group	1.83	1.96	2.07	
1791445392	group	2.00	2.00	2.08	
1791445397	group	1.92	1.98	2.08	
1791445402	group	1.85	1.96	2.07	
1791445407	group	1.86	1.96	2.07	
1791445412	group	1.87	1.96	2.07	
1791445417	group	1.80	1.95	2.06	
1791445423	group	1.74	1.93	2.06	
1791445428	group	1.76	1.93	2.06	
1791445433	group	1.78	1.93	2.06	
1791445438	group	1.79	1.94	2.06	
1791445443	group	1.81	1.94	2.06	
1791445448	group	1.75	1.92	2.05	
1791445453	group	1.69	1.91	2.04	
1791445458	group	1.71	1.91	2.04	
1791445463	group	1.73	1.91	2.04	
1791445468	group	1.91	1.94	2.05	
1791445473	group	1.92	1.94	2.05	
1791445478	group	1.93	1.94	2.05	
1791445483	group	2.01	1.96	2.06	
1791445488	group	2.09	1.98	2.06	
1791445493	group	2.00	1.96	2.06	
1791445498	group	2.08	1.98	2.06	
1791445503	group	2.08	1.98	2.06	
1791445508	group	2.07	1.98	2.06	
1791445513	group	2.06	1.98	2.06	
1791445518	group	1.98	1.96	2.05	
1791445523	group	1.98	1.96	2.05	
1791445528	group	1.90	1.95	2.05	
1791445534	group	1.99	1.96	2.05	
1791445539	group	1.91	1.95	2.05	
1791445544	group	1.84	1.93	2.04	
1791445549	group	1.77	1.92	2.03	
1791445554	group	1.79	1.92	2.03	
1791445559	group	1.80	1.92	2.03	
1791445564	group	1.74	1.90	2.03	
1791445569	group	1.76	1.90	2.03	
1791445574	group	1.78	1.90	2.02	
1791445579	group	2.04	1.96	2.04	
1791445584	group	2.03	1.96	2.04	
1791445589	group	2.03	1.96	2.04	
1791445594	group	2.03	1.96	2.04	
1791445599	group	2.03	1.96	2.04	
1791445604	group	2.02	1.96	2.04	
1791445609	group	2.02	1.96	2.04	
1791445614	group	2.02	1.96	2.04	
1791445619	group	1.94	1.94	2.03	
1791445624	group	1.94	1.94	2.03	
1791445629	group	1.87	1.93	2.03	
1791445634	group	1.80	1.91	2.02	
1791445639	group	1.73	1.90	2.01	
1791445645	group	1.67	1.88	2.01	
1791445650	group	1.70	1.88	2.01	
1791445655	group	1.72	1.88	2.01	
1791445660	group	1.67	1.87	2.00	
1791445665	group	1.69	1.87	2.00	
1791445670	group	1.88	1.91	2.01	
1791445675	group	1.89	1.91	2.01	
1791445680	group	1.89	1.91	2.01	
1791445685	group	1.99	1.93	2.01	
1791445690	group	1.99	1.93	2.01	
1791445695	group	1.91	1.91	2.01	
1791445700	group	1.92	1.92	2.01	
1791445705	group	1.92	1.92	2.01	
1791445710	group	2.09	1.95	2.02	
1791445715	group	2.08	1.95	2.02	
1791445720	group	2.08	1.95	2.02	
1791445725	group	2.07	1.95	2.02	
1791445730	group	2.14	1.97	2.02	
1791445735	group	2.13	1.97	2.02	
1791445740	group	2.12	1.97	2.02	
1791445745	group	2.11	1.97	2.02	
1791445750	group	2.02	1.95	2.01	
1791445755	group	2.02	1.95	2.01	
1791445761	group	1.94	1.94	2.01	
1791445766	group	1.94	1.94	2.01	
1791445771	group	1.95	1.94	2.01	
1791445776	group	1.87	1.92	2.00	
1791445781	group	1.80	1.91	1.99	
1791445786	group	1.82	1.91	1.99	
1791445791	group	1.83	1.91	1.99	
1791445796	group	1.84	1.91	1.99	
1791445801	group	1.94	1.93	2.00	
1791445806	group	1.94	1.93	2.00	
1791445811	group	1.87	1.92	1.99	
1791445816	group	1.80	1.90	1.99	
1791445821	group	1.89	1.92	1.99	
1791445826	group	1.90	1.92	1.99	
1791445831	group	1.91	1.92	1.99	
1791445836	group	1.84	1.90	1.99	
1791445841	group	1.85	1.91	1.99	
1791445846	group	1.78	1.89	1.98	
1791445851	group	1.80	1.89	1.98	
1791445856	group	1.89	1.91	1.99	
1791445861	group	2.06	1.95	2.00	
1791445867	group	2.14	1.96	2.01	
1791445872	group	2.05	1.95	2.00	
1791445877	group	2.20	1.98	2.01	
1791445882	group	2.10	1.96	2.00	
1791445887	group	2.02	1.95	2.00	
1791445892	group	2.01	1.95	2.00	
1791445897	group	2.01	1.95	2.00	
1791445902	group	2.01	1.95	2.00	
1791445907	group	2.01	1.95	2.00	
1791445912	group	1.93	1.93	1.99	
1791445917	group	1.85	1.92	1.99	
1791445922	group	1.87	1.92	1.99	
1791445927	group	2.04	1.95	2.00	
1791445932	group	1.95	1.94	1.99	
1791445937	group	1.88	1.92	1.99	
1791445942	group	1.97	1.94	1.99	
1791445947	group	1.89	1.92	1.99	
1791445952	group	1.90	1.92	1.99	
1791445957	group	1.91	1.92	1.99	
1791445962	group	1.99	1.94	1.99	
1791445967	group	1.99	1.94	1.99	
1791445972	group	1.99	1.94	1.99	
1791445978	group	1.91	1.93	1.99	
1791445983	group	2.00	1.94	1.99	
1791445988	group	1.92	1.93	1.99	
1791445993	group	1.85	1.91	1.98	
1791445998	group	1.86	1.91	1.98	
1791446003	group	3.15	2.18	2.07	
1791446008	group	3.06	2.18	2.07	
1791446013	group	2.89	2.16	2.07	
1791446018	group	2.74	2.14	2.06	
1791446023	group	2.60	2.12	2.06	
1791446028	group	2.55	2.12	2.05	
1791446033	group	2.51	2.11	2.05	
1791446038	group	2.55	2.13	2.06	
1791446043	group	2.50	2.13	2.06	
1791446048	group	2.46	2.12	2.06	
1791446053	group	2.35	2.10	2.05	
1791446058	group	2.24	2.09	2.05	
1791446063	group	2.22	2.08	2.05	
1791446068	group	2.20	2.08	2.04	
1791446073	group	2.19	2.08	2.04	
1791446078	group	2.33	2.11	2.06	
1791446083	group	2.22	2.10	2.05	
1791446089	group	2.21	2.09	2.05	
1791446094	group	2.11	2.07	2.04	
1791446099	group	2.02	2.06	2.04	
1791446104	group	1.94	2.04	2.03	
1791446109	group	1.86	2.02	2.02	
1791446114	group	1.87	2.02	2.02	
1791446119	group	1.88	2.02	2.02	
1791446124	group	1.81	2.00	2.02	
1791446129	group	1.83	2.00	2.02	
1791446134	group	1.76	1.99	2.01	
1791446139	group	1.86	2.00	2.01	
1791446144	group	1.87	2.00	2.01	
1791446149	group	1.88	2.00	2.01	
1791446154	group	1.89	2.00	2.01	
1791446159	group	1.90	2.00	2.01	
1791446164	group	1.83	1.98	2.01	
1791446169	group	1.76	1.97	2.00	
1791446174	group	1.78	1.97	2.00	
1791446179	group	1.80	1.97	2.00	
1791446184	group	1.73	1.95	1.99	
1791446189	group	1.75	1.95	1.99	
1791446194	group	1.69	1.94	1.99	
1791446199	group	1.64	1.92	1.98	
1791446205	group	1.67	1.92	1.98	
1791446210	group	1.69	1.92	1.98	
1791446215	group	1.72	1.92	1.98	
1791446220	group	1.82	1.94	1.99	
1791446225	group	1.75	1.93	1.98	
1791446230	group	1.77	1.93	1.98	
1791446235	group	1.87	1.94	1.99	
1791446240	group	1.88	1.94	1.99	
1791446245	group	1.97	1.96	1.99	
1791446250	group	2.05	1.98	2.00	
1791446255	group	2.13	2.00	2.01	
1791446260	group	2.12	2.00	2.01	
1791446265	group	2.11	2.00	2.00	
1791446270	group	2.18	2.01	2.01	
1791446275	group	2.25	2.03	2.02	
1791446280	group	2.23	2.03	2.02	
1791446285	group	2.13	2.01	2.01	
1791446290	group	2.12	2.01	2.01	
1791446295	group	2.03	1.99	2.00	
1791446300	group	2.10	2.01	2.01	
1791446305	group	2.10	2.01	2.01	
1791446310	group	2.17	2.02	2.01	
1791446316	group	2.07	2.01	2.01	
1791446321	group	2.07	2.01	2.01	
1791446326	group	1.98	1.99	2.00	
1791446331	group	1.90	1.97	1.99	
1791446336	group	1.83	1.96	1.99	
1791446341	group	1.76	1.94	1.98	
1791446346	group	1.70	1.93	1.98	
1791446351	group	1.65	1.91	1.97	
1791446356	group	1.75	1.93	1.98	
1791446361	group	1.85	1.95	1.98	
1791446366	group	1.86	1.95	1.98	
1791446371	group	1.88	1.95	1.98	
1791446376	group	1.97	1.96	1.99	
1791446381	group	2.05	1.98	1.99	
1791446386	group	1.96	1.96	1.99	
1791446391	group	2.45	2.06	2.02	
1791446396	group	2.41	2.06	2.02	
1791446401	group	2.30	2.04	2.02	
1791446406	group	2.35	2.06	2.02	
1791446411	group	2.33	2.06	2.02	
1791446416	group	2.22	2.04	2.01	
1791446421	group	2.12	2.02	2.01	
1791446426	group	2.11	2.02	2.01	
1791446432	group	2.10	2.02	2.01	
1791446437	group	2.09	2.02	2.01	
1791446442	group	2.17	2.04	2.01	
1791446447	group	2.31	2.07	2.02	
1791446452	group	2.29	2.07	2.02	
1791446457	group	2.18	2.05	2.02	
1791446462	group	2.09	2.03	2.01	
1791446467	group	2.08	2.03	2.01	
1791446472	group	2.07	2.03	2.01	
1791446477	group	1.99	2.01	2.00	
1791446482	group	1.99	2.01	2.00	
1791446487	group	1.99	2.01	2.00	
1791446492	group	1.99	2.01	2.00	
1791446497	group	1.91	2.00	1.99	
1791446502	group	1.84	1.98	1.99	
1791446507	group	1.77	1.96	1.98	
1791446512	group	1.71	1.95	1.98	
1791446517	group	1.73	1.95	1.98	
1791446522	group	1.75	1.95	1.98	
1791446527	group	1.93	1.98	1.99	
1791446532	group	2.02	2.00	1.99	
1791446537	group	1.94	1.98	1.99	
1791446543	group	1.86	1.96	1.98	
1791446548	group	1.79	1.95	1.98	
1791446553	group	1.81	1.95	1.98	
1791446558	group	1.82	1.95	1.98	
1791446563	group	1.84	1.95	1.98	
1791446568	group	1.85	1.95	1.98	
1791446573	group	1.78	1.93	1.97	
1791446578	group	1.80	1.93	1.97	
1791446583	group	1.73	1.92	1.97	
1791446588	group	2.09	1.99	1.99	
1791446593	group	2.08	1.99	1.99	
1791446598	group	1.99	1.97	1.98	
1791446603	group	1.99	1.97	1.98	
1791446608	group	2.63	2.10	2.03	
1791446613	group	2.58	2.10	2.03	
1791446618	group	2.54	2.10	2.03	
1791446623	group	2.41	2.08	2.02	
1791446628	group	2.46	2.10	2.03	
1791446633	group	2.42	2.09	2.03	
1791446638	group	2.39	2.09	2.03	
1791446643	group	2.36	2.09	2.03	
1791446648	group	2.33	2.09	2.03	
1791446654	group	3.74	2.39	2.13	
1791446659	group	3.52	2.36	2.12	
1791446664	group	3.48	2.37	2.13	
1791446669	group	3.36	2.37	2.13	
1791446674	group	3.17	2.34	2.12	
1791446679	group	3.08	2.34	2.12	
1791446684	group	2.99	2.33	2.12	
1791446689	group	2.83	2.31	2.11	
1791446694	group	2.77	2.30	2.11	
1791446699	group	2.70	2.30	2.11	
1791446704	group	2.81	2.33	2.12	
1791446709	group	2.82	2.34	2.13	
1791446714	group	2.76	2.33	2.12	
1791446719	group	2.70	2.32	2.12	
1791446724	group	2.56	2.30	2.12	
1791446729	group	2.43	2.28	2.11	
1791446734	group	2.40	2.28	2.11	
1791446739	group	2.37	2.27	2.11	
1791446744	group	2.34	2.27	2.11	
1791446749	group	2.31	2.26	2.11	
1791446754	group	2.37	2.27	2.11	
1791446759	group	2.26	2.25	2.10	
1791446764	group	2.32	2.26	2.11	
1791446770	group	2.29	2.26	2.11	
1791446775	group	2.35	2.27	2.11	
1791446780	group	2.24	2.25	2.11	
1791446785	group	2.94	2.40	2.16	
1791446790	group	2.86	2.39	2.16	
1791446795	group	2.96	2.41	2.17	
1791446800	group	2.96	2.42	2.17	
1791446805	group	2.96	2.43	2.18	
1791446810	group	2.96	2.44	2.18	
1791446815	group	2.97	2.45	2.19	
1791446820	group	2.97	2.46	2.19	
1791446825	group	2.97	2.47	2.19	
1791446830	group	2.97	2.48	2.20	
1791446835	group	3.06	2.50	2.21	
1791446840	group	3.21	2.54	2.23	
1791446845	group	3.19	2.55	2.23	
1791446850	group	3.26	2.57	2.24	
1791446855	group	3.24	2.58	2.24	
1791446860	group	3.30	2.60	2.25	
1791446865	group	3.43	2.64	2.27	
1791446870	group	3.48	2.67	2.28	
1791446875	group	3.44	2.67	2.28	
1791446880	group	3.33	2.66	2.28	
1791446885	group	3.30	2.67	2.29	
1791446890	group	3.19	2.66	2.28	
1791446896	group	3.10	2.64	2.28	
1791446901	group	2.93	2.62	2.27	
1791446906	group	2.78	2.59	2.27	
1791446911	group	2.63	2.56	2.26	
1791446916	group	2.50	2.54	2.25	
1791446921	group	2.46	2.53	2.25	
1791446926	group	2.42	2.52	2.25	
1791446931	group	2.47	2.53	2.25	
1791446936	group	2.59	2.55	2.26	
1791446941	group	2.46	2.52	2.25	
1791446946	group	2.43	2.52	2.25	
1791446951	group	2.39	2.51	2.25	
1791446956	group	2.28	2.48	2.24	
1791446961	group	2.26	2.47	2.24	
1791446966	group	2.24	2.47	2.24	
1791446971	group	2.22	2.46	2.24	
1791446976	group	2.20	2.45	2.24	
1791446981	group	2.18	2.44	2.23	
1791446986	group	2.17	2.43	2.23	
1791446991	group	2.08	2.41	2.23	
1791446996	group	1.99	2.39	2.22	
1791447001	group	1.99	2.38	2.22	
1791447006	group	1.91	2.36	2.21	
1791447012	group	1.92	2.35	2.21	
1791447017	group	1.92	2.34	2.21	
1791447022	group	1.93	2.34	2.21	
1791447027	group	1.93	2.33	2.20	
1791447032	group	1.86	2.31	2.20	
1791447037	group	1.87	2.31	2.20	
1791447042	group	1.88	2.30	2.19	
1791447047	group	1.89	2.29	2.19	
1791447052	group	1.90	2.29	2.19	
1791447057	group	1.91	2.28	2.19	
1791447062	group	1.83	2.26	2.18	
1791447067	group	1.85	2.26	2.18	
1791447072	group	1.86	2.25	2.18	
1791447077	group	1.87	2.25	2.18	
1791447082	group	2.12	2.29	2.19	
1791447087	group	2.11	2.29	2.19	
1791447092	group	2.18	2.30	2.20	
1791447097	group	2.17	2.30	2.20	
1791447102	group	2.23	2.31	2.20	
1791447107	group	2.21	2.30	2.20	
1791447112	group	2.20	2.30	2.20	
1791447117	group	2.10	2.27	2.19	
1791447122	group	2.25	2.30	2.20	
1791447127	group	2.15	2.28	2.19	
1791447133	group	2.06	2.26	2.19	
1791447138	group	1.97	2.24	2.18	
1791447143	group	2.06	2.25	2.18	
1791447148	group	1.97	2.23	2.17	
1791447153	group	1.89	2.21	2.17	
1791447158	group	1.82	2.19	2.16	
1791447163	group	1.76	2.17	2.15	
1791447168	group	1.70	2.15	2.15	
1791447173	group	1.88	2.18	2.16	
1791447178	group	1.89	2.18	2.16	
1791447183	group	1.82	2.16	2.15	
1791447188	group	1.83	2.15	2.15	
1791447193	group	1.84	2.15	2.15	
1791447198	group	1.78	2.13	2.14	
1791447203	group	1.71	2.11	2.13	
1791447208	group	1.98	2.16	2.15	
1791447213	group	1.98	2.16	2.15	
1791447218	group	1.90	2.14	2.14	
1791447223	group	1.83	2.12	2.14	
1791447228	group	1.84	2.12	2.13	
1791447233	group	1.85	2.11	2.13	
1791447238	group	1.87	2.11	2.13	
1791447244	group	1.80	2.09	2.13	
1791447249	group	1.73	2.07	2.12	
1791447254	group	1.75	2.07	2.12	
1791447259	group	1.69	2.06	2.11	
1791447264	group	1.80	2.07	2.12	
1791447269	group	1.73	2.05	2.11	
1791447274	group	1.83	2.07	2.11	
1791447279	group	1.93	2.08	2.12	
1791447284	group	2.01	2.10	2.12	
1791447289	group	1.93	2.08	2.12	
1791447294	group	1.86	2.06	2.11	
1791447299	group	1.87	2.06	2.11	
1791447304	group	1.88	2.06	2.11	
1791447309	group	1.89	2.06	2.11	
1791447314	group	1.90	2.06	2.11	
1791447319	group	1.82	2.04	2.10	
1791447324	group	1.76	2.02	2.09	
1791447329	group	2.10	2.09	2.12	
1791447334	group	2.09	2.09	2.11	
1791447339	group	2.08	2.08	2.11	
1791447344	group wide	3.12	2.30	2.19	
1791447349	group wide	2.95	2.28	2.18	
1791447355	group wide	2.79	2.26	2.17	
1791447360	group wide	2.65	2.23	2.17	
1791447365	group wide	2.51	2.21	2.16	
1791447370	group wide	2.47	2.21	2.16	
1791447375	group wide	2.51	2.22	2.16	
1791447380	group wide	2.55	2.24	2.17	
1791447385	group wide	2.51	2.23	2.17	
1791447390	group wide	2.47	2.23	2.17	
1791447395	group wide	2.43	2.22	2.16	
1791447400	group wide	2.40	2.22	2.16	
1791447405	group wide	2.28	2.20	2.16	
1791447410	group wide	2.26	2.20	2.16	
1791447415	group wide	2.32	2.21	2.16	
1791447420	group wide	2.29	2.20	2.16	
1791447425	group wide	2.19	2.18	2.15	
1791447430	group wide	2.17	2.18	2.15	
1791447435	group wide	2.08	2.16	2.15	
1791447440	group wide	2.07	2.16	2.14	
1791447445	group wide	2.07	2.16	2.14	
1791447450	group wide	1.98	2.14	2.14	
1791447455	group wide	1.90	2.12	2.13	
1791447460	group wide	1.91	2.11	2.13	
1791447465	group wide	2.08	2.15	2.14	
1791447471	group wide	2.07	2.14	2.14	
1791447476	group wide	1.98	2.12	2.13	
1791447481	group wide	1.99	2.12	2.13	
1791447486	group wide	1.99	2.12	2.13	
1791447491	group wide	2.07	2.13	2.13	
1791447496	group wide	2.06	2.13	2.13	
1791447501	group wide	2.05	2.13	2.13	
1791447506	group wide	2.13	2.14	2.14	
1791447511	group wide	2.12	2.14	2.14	
1791447516	group wide	2.19	2.15	2.14	
1791447521	group wide	2.49	2.22	2.16	
1791447526	group wide	2.45	2.21	2.16	
1791447531	group wide	2.50	2.22	2.17	
1791447536	group wide	2.46	2.22	2.17	
1791447541	group wide	2.34	2.20	2.16	
1791447546	group wide	2.31	2.20	2.16	
1791447551	group wide	2.29	2.19	2.16	
1791447556	group wide	2.26	2.19	2.16	
1791447561	group wide	2.24	2.19	2.15	
1791447566	group wide	2.22	2.18	2.15	
1791447571	group wide	2.20	2.18	2.15	
1791447576	group wide	2.19	2.18	2.15	
1791447581	group wide	2.25	2.19	2.16	
1791447587	group wide	2.15	2.17	2.15	
1791447592	group wide	2.06	2.15	2.14	
1791447597	group wide	1.98	2.13	2.14	
1791447602	group wide	2.06	2.15	2.14	
1791447607	group wide	1.97	2.13	2.13	
1791447612	group wide	1.89	2.11	2.13	
1791447617	group wide	1.90	2.10	2.13	
1791447622	group wide	1.91	2.10	2.13	
1791447627	group wide	1.84	2.08	2.12	
1791447632	group wide	1.77	2.07	2.11	
1791447637	group wide	1.71	2.05	2.10	
1791447642	group wide	1.65	2.03	2.10	
1791447647	group wide	1.60	2.01	2.09	
1791447652	group wide	1.55	2.00	2.08	
1791447657	group wide	1.59	2.00	2.08	
1791447662	group wide	1.70	2.01	2.09	
1791447667	group wide	1.80	2.03	2.09	
1791447672	group wide	1.90	2.04	2.10	
1791447677	group wide	1.83	2.03	2.09	
1791447682	group wide	1.76	2.01	2.08	
1791447687	group wide	1.78	2.01	2.08	
1791447692	group wide	1.80	2.01	2.08	
1791447698	group wide	1.73	1.99	2.08	
1791447703	group wide	1.75	1.99	2.08	
1791447708	group wide	1.77	1.99	2.08	
1791447713	group wide	1.79	1.99	2.07	
1791447718	group wide	1.81	1.99	2.07	
1791447723	group wide	1.74	1.98	2.07	
1791447728	group wide	1.68	1.96	2.06	
1791447733	group wide	1.71	1.96	2.06	
1791447738	group wide	1.65	1.94	2.05	
1791447743	group wide	1.60	1.93	2.05	
1791447748	group wide	1.63	1.93	2.05	
1791447753	group wide	1.66	1.93	2.05	
1791447758	group wide	1.61	1.91	2.04	
1791447763	group wide	1.64	1.91	2.04	
1791447768	group wide	1.75	1.93	2.05	
1791447773	group wide	1.77	1.93	2.05	
1791447778	group wide	1.71	1.92	2.04	
1791447783	group wide	1.73	1.92	2.04	
1791447788	group wide	1.75	1.92	2.04	
1791447793	group wide	1.69	1.90	2.03	
1791447798	group wide	1.71	1.91	2.03	
1791447803	group wide	1.66	1.89	2.02	
1791447808	group wide	1.68	1.89	2.02	
1791447814	group wide	1.71	1.89	2.02	
1791447819	group wide	1.73	1.89	2.02	
1791447824	group wide	1.67	1.88	2.02	
1791447829	group wide	1.70	1.88	2.02	
1791447834	group wide	1.64	1.87	2.01	
1791447839	group wide	1.67	1.87	2.01	
1791447844	group wide	1.62	1.85	2.00	
1791447849	group wide	1.73	1.87	2.01	
1791447854	group wide	1.75	1.87	2.01	
1791447859	group wide	1.77	1.88	2.01	
1791447864	group wide	1.79	1.88	2.01	
1791447869	group wide	1.80	1.88	2.01	
1791447874	group wide	1.82	1.88	2.01	
1791447879	group wide	2.23	1.97	2.04	
1791447884	group wide	2.13	1.95	2.03	
1791447889	group wide	2.04	1.94	2.02	
1791447894	group wide	2.04	1.94	2.02	
1791447899	group wide	1.96	1.92	2.02	
1791447904	group wide	1.96	1.92	2.02	
1791447909	group wide	1.88	1.91	2.01	
1791447914	group wide	1.97	1.92	2.01	
1791447919	group wide	2.05	1.94	2.02	
1791447924	group wide	2.05	1.94	2.02	
1791447930	group wide	2.04	1.94	2.02	
1791447935	group wide	2.04	1.94	2.02	
1791447940	group wide	2.04	1.94	2.02	
1791447945	group wide	2.03	1.94	2.02	
1791447950	group wide	2.11	1.96	2.02	
1791447955	group wide	2.10	1.96	2.02	
1791447960	group wide	2.09	1.96	2.02	
1791447965	group wide	2.09	1.96	2.02	
1791447970	group wide	2.00	1.95	2.01	
1791447975	group wide	2.00	1.95	2.01	
1791447980	group wide	1.92	1.93	2.01	
1791447985	group wide	1.92	1.93	2.01	
1791447990	group wide	2.01	1.95	2.01	
1791447995	group wide	2.01	1.95	2.01	
1791448000	group wide	2.01	1.95	2.01	
1791448005	group wide	2.01	1.95	2.01	
1791448010	group wide	1.93	1.93	2.00	
1791448015	group wide	1.93	1.94	2.00	
1791448020	group wide	1.94	1.94	2.00	
1791448025	group wide	1.94	1.94	2.00	
1791448030	group wide	1.87	1.92	2.00	
1791448035	group wide	1.88	1.92	2.00	
1791448041	group wide	1.89	1.92	2.00	
1791448046	group wide	1.90	1.92	2.00	
1791448051	group wide	1.90	1.93	2.00	
1791448056	group wide	1.91	1.93	2.00	
1791448061	group wide	1.84	1.91	1.99	
1791448066	group wide	1.93	1.93	2.00	
1791448071	group wide	1.86	1.91	1.99	
1791448076	group wide	1.95	1.93	2.00	
1791448081	group wide	1.87	1.92	1.99	
1791448086	group wide	1.88	1.92	1.99	
1791448091	group wide	2.05	1.95	2.00	
1791448096	group wide	1.97	1.93	2.00	
1791448101	group wide	1.97	1.94	2.00	
1791448106	group wide	1.97	1.94	2.00	
1791448111	group wide	2.05	1.95	2.00	
1791448116	group wide	2.13	1.97	2.01	
1791448121	group wide	2.12	1.97	2.01	
1791448126	group wide	2.11	1.97	2.01	
1791448131	group wide	2.10	1.97	2.01	
1791448136	group wide	2.01	1.95	2.00	
1791448141	group wide	2.01	1.96	2.00	
1791448146	group wide	2.01	1.96	2.00	
1791448151	group wide	2.01	1.96	2.00	
1791448157	group wide	2.01	1.96	2.00	
1791448162	group wide	2.01	1.96	2.00	
1791448167	group wide	2.01	1.96	2.00	
1791448172	group wide	1.92	1.94	1.99	
1791448177	group wide	1.93	1.94	1.99	
1791448182	group wide	1.86	1.93	1.99	
1791448187	group wide	1.87	1.93	1.99	
1791448192	group wide	1.88	1.93	1.99	
1791448197	group wide	1.81	1.91	1.98	
1791448202	group wide	1.74	1.90	1.98	
1791448207	group wide	1.68	1.88	1.97	
1791448212	group wide	1.71	1.88	1.97	
1791448217	group wide	1.73	1.88	1.97	
1791448222	group wide	1.83	1.90	1.98	
1791448227	group wide	1.85	1.90	1.98	
1791448232	group wide	1.86	1.91	1.98	
1791448237	group wide	1.87	1.91	1.98	
1791448242	group wide	1.88	1.91	1.98	
1791448247	group wide	1.89	1.91	1.98	
1791448252	group wide	1.98	1.93	1.98	
1791448257	group wide	2.06	1.95	1.99	
1791448262	group wide	1.97	1.93	1.98	
1791448268	group wide	1.90	1.91	1.98	
1791448273	group wide	1.82	1.90	1.97	
1791448278	group wide	1.84	1.90	1.97	
1791448283	group wide	1.77	1.88	1.96	
1791448288	group wide	1.79	1.89	1.96	
1791448293	group wide	1.81	1.89	1.96	
1791448298	group wide	1.90	1.91	1.97	
1791448303	group wide	2.15	1.96	1.99	
1791448308	group wide	2.14	1.96	1.99	
1791448313	group wide	2.04	1.94	1.98	
1791448318	group wide	1.96	1.93	1.98	
1791448323	group wide	1.88	1.91	1.97	
1791448328	group wide	1.81	1.89	1.96	
1791448333	group wide	1.83	1.90	1.96	
1791448338	group wide	1.76	1.88	1.96	
1791448343	group wide	1.70	1.87	1.95	
1791448348	group wide	1.72	1.87	1.95	
1791448353	group wide	1.75	1.87	1.95	
1791448358	group wide	1.77	1.87	1.95	
1791448363	group wide	1.86	1.89	1.96	
1791448368	group wide	1.88	1.89	1.96	
1791448373	group wide	1.89	1.89	1.96	
1791448378	group wide	1.81	1.88	1.95	
1791448384	group wide	1.83	1.88	1.95	
1791448389	group wide	1.76	1.87	1.95	
1791448394	group wide	1.70	1.85	1.94	
1791448399	group wide	1.96	1.90	1.96	
1791448404	group wide	1.97	1.90	1.96	
1791448409	group wide	1.97	1.91	1.96	
1791448414	group wide	1.89	1.89	1.95	
1791448419	group wide	1.99	1.91	1.96	
1791448424	group wide	1.91	1.90	1.95	
1791448429	group wide	1.92	1.90	1.95	
1791448434	group wide	1.84	1.88	1.95	
1791448439	group wide	1.93	1.90	1.95	
1791448444	group wide	1.94	1.90	1.95	
1791448449	group wide	1.94	1.90	1.95	
1791448454	group wide	1.87	1.89	1.95	
1791448459	group wide	1.88	1.89	1.95	
1791448464	group wide	1.89	1.89	1.95	
1791448469	group wide	2.14	1.94	1.96	
1791448474	group wide	2.13	1.94	1.96	
1791448479	group wide	2.28	1.98	1.98	
1791448484	group wide	2.17	1.96	1.97	
1791448489	group wide	2.16	1.96	1.97	
1791448494	riblt mapping	2.23	1.98	1.98	
1791448500	riblt mapping	2.21	1.98	1.98	
1791448505	riblt mapping	2.11	1.96	1.97	
1791448510	riblt mapping	2.10	1.96	1.97	
1791448515	riblt mapping	2.01	1.95	1.96	
1791448520	riblt mapping	2.01	1.95	1.96	
1791448525	riblt mapping	1.93	1.93	1.96	
1791448530	riblt mapping	1.94	1.93	1.96	
1791448535	riblt mapping	2.02	1.95	1.96	
1791448540	riblt mapping	2.02	1.95	1.96	
1791448545	riblt mapping	2.02	1.95	1.96	
1791448550	riblt mapping	2.02	1.95	1.96	
1791448555	riblt mapping	2.17	1.98	1.98	
1791448560	riblt mapping	2.24	2.00	1.98	
1791448565	riblt mapping	2.22	2.00	1.98	
1791448570	riblt mapping	2.12	1.98	1.98	
1791448575	riblt mapping	2.03	1.97	1.97	
1791448580	riblt mapping	2.51	2.07	2.01	
1791448585	riblt mapping	2.47	2.07	2.01	
1791448590	riblt mapping	2.43	2.06	2.00	
1791448595	riblt mapping	2.40	2.06	2.00	
1791448600	riblt mapping	2.36	2.06	2.00	
1791448605	riblt mapping	2.33	2.06	2.00	
1791448611	riblt mapping	2.31	2.06	2.00	
1791448616	riblt mapping	2.28	2.06	2.00	
1791448621	riblt mapping	2.34	2.07	2.01	
1791448626	riblt mapping	2.31	2.07	2.01	
1791448631	riblt mapping	2.29	2.07	2.01	
1791448636	riblt mapping	2.18	2.05	2.00	
1791448641	riblt mapping	2.17	2.05	2.00	
1791448646	riblt mapping	2.08	2.03	1.99	
1791448651	riblt mapping	1.99	2.02	1.99	
1791448656	riblt mapping	1.91	2.00	1.98	
1791448661	riblt mapping	1.92	2.00	1.98	
1791448666	riblt mapping	1.84	1.98	1.98	
1791448671	riblt mapping	1.85	1.98	1.98	
1791448676	riblt mapping	1.87	1.98	1.98	
1791448681	riblt mapping	1.96	2.00	1.98	
1791448686	riblt mapping	1.96	2.00	1.98	
1791448691	riblt mapping	1.96	2.00	1.98	
1791448696	riblt mapping	2.05	2.02	1.99	
1791448701	riblt mapping	2.04	2.01	1.99	
1791448706	riblt mapping	2.04	2.01	1.99	
1791448711	riblt mapping	2.04	2.01	1.99	
1791448716	riblt mapping	2.03	2.01	1.99	
1791448721	riblt mapping	2.03	2.01	1.99	
1791448727	riblt mapping	1.95	2.00	1.98	
1791448732	riblt mapping	2.03	2.01	1.99	
1791448737	riblt mapping	1.95	2.00	1.98	
1791448742	riblt mapping	1.87	1.98	1.98	
1791448747	riblt mapping	1.80	1.96	1.97	
1791448752	riblt mapping	1.82	1.96	1.97	
1791448757	riblt mapping	1.75	1.95	1.96	
1791448762	riblt mapping	1.69	1.93	1.96	
1791448767	riblt mapping	1.72	1.93	1.96	
1791448772	riblt mapping	1.98	1.98	1.98	
1791448777	riblt mapping	1.90	1.97	1.97	
1791448782	riblt mapping	1.91	1.97	1.97	
1791448787	riblt mapping	1.83	1.95	1.96	
1791448792	riblt mapping	1.85	1.95	1.96	
1791448797	riblt mapping	1.86	1.95	1.96	
1791448802	riblt mapping	1.87	1.95	1.96	
1791448807	riblt mapping	1.96	1.97	1.97	
1791448812	riblt mapping	1.96	1.97	1.97	
1791448817	riblt mapping	1.97	1.97	1.97	
1791448822	riblt mapping	1.97	1.97	1.97	
1791448827	riblt plan	2.05	1.99	1.98	
1791448832	riblt plan	2.13	2.00	1.98	
1791448838	riblt plan	2.12	2.00	1.98	
1791448843	riblt plan	2.11	2.00	1.98	
1791448848	riblt plan	2.10	2.00	1.98	
1791448853	riblt plan	2.01	1.98	1.98	
1791448858	riblt plan	2.09	2.00	1.98	
1791448863	riblt plan	2.08	2.00	1.98	
1791448868	riblt plan	1.99	1.98	1.98	
1791448873	riblt plan	1.99	1.98	1.98	
1791448878	riblt plan	2.07	2.00	1.98	
1791448883	riblt plan	2.07	2.00	1.98	
1791448888	riblt	2.22	2.03	1.99	
1791448893	riblt	2.20	2.03	1.99	
1791448898	riblt	2.27	2.05	2.00	
1791448903	riblt	2.33	2.06	2.01	
1791448908	riblt	2.22	2.05	2.00	
1791448913	riblt	2.20	2.04	2.00	
1791448918	riblt	2.11	2.03	1.99	
1791448923	riblt	2.10	2.03	1.99	
1791448928	riblt	2.25	2.06	2.01	
1791448933	riblt	2.15	2.04	2.00	
1791448938	riblt	2.14	2.04	2.00	
1791448943	riblt	2.13	2.04	2.00	
1791448949	riblt	2.04	2.02	1.99	
1791448954	riblt	1.95	2.00	1.99	
1791448959	riblt	1.96	2.00	1.99	
1791448964	riblt	1.96	2.00	1.99	
1791448969	riblt	2.04	2.02	1.99	
1791448974	riblt	1.96	2.00	1.99	
1791448979	riblt	1.96	2.00	1.99	
1791448984	riblt	1.96	2.00	1.99	
1791448989	riblt	1.97	2.00	1.99	
1791448994	riblt	1.89	1.98	1.98	
1791448999	riblt	1.90	1.98	1.98	
1791449004	riblt	1.99	2.00	1.99	
1791449009	riblt	2.07	2.02	1.99	
1791449014	riblt	2.30	2.07	2.01	
1791449019	riblt	2.20	2.05	2.00	
1791449024	riblt	2.10	2.03	2.00	
1791449029	riblt	2.01	2.01	1.99	
1791449034	riblt	1.93	2.00	1.99	
1791449039	riblt	1.94	2.00	1.99	
1791449044	riblt	1.86	1.98	1.98	
1791449049	riblt	1.79	1.96	1.97	
1791449054	riblt	1.89	1.98	1.98	
1791449060	riblt	1.82	1.96	1.97	
1791449065	riblt	1.83	1.96	1.97	
1791449070	riblt	1.84	1.96	1.97	
1791449075	riblt	1.86	1.96	1.97	
1791449080	riblt	1.87	1.96	1.97	
1791449085	riblt	1.88	1.97	1.97	
1791449090	riblt	1.81	1.95	1.97	
1791449095	riblt	1.74	1.93	1.96	
1791449100	riblt	1.68	1.92	1.96	
1791449105	riblt	1.71	1.92	1.96	
1791449110	riblt	1.65	1.90	1.95	
1791449115	riblt	1.68	1.90	1.95	
1791449120	riblt	1.70	1.91	1.95	
1791449125	riblt	1.73	1.91	1.95	
1791449130	riblt	1.67	1.89	1.95	
1791449135	riblt	1.70	1.89	1.95	
1791449140	riblt	1.72	1.90	1.95	
1791449145	riblt	1.82	1.91	1.95	
1791449150	riblt	1.92	1.93	1.96	
1791449155	riblt	2.08	1.96	1.97	
1791449160	riblt	2.16	1.98	1.97	
1791449165	riblt	2.14	1.98	1.97	
1791449170	riblt	2.21	2.00	1.98	
1791449176	riblt	2.19	2.00	1.98	
1791449181	riblt	2.18	2.00	1.98	
1791449186	riblt	2.08	1.98	1.97	
1791449191	riblt	2.16	2.00	1.98	
1791449196	riblt	2.06	1.98	1.97	
1791449201	riblt	2.06	1.98	1.97	
1791449206	riblt	2.05	1.98	1.97	
1791449211	riblt	1.97	1.97	1.97	
1791449216	riblt	1.97	1.97	1.97	
1791449221	riblt	2.13	2.00	1.98	
1791449226	riblt	2.12	2.00	1.98	
1791449231	riblt	2.03	1.98	1.97	
1791449236	riblt	2.03	1.98	1.97	
1791449241	riblt	2.03	1.98	1.97	
1791449246	riblt	2.02	1.98	1.97	
1791449251	riblt	1.94	1.97	1.97	
1791449256	riblt	1.95	1.97	1.97	
1791449261	riblt	1.95	1.97	1.97	
1791449266	riblt	2.27	2.03	1.99	
1791449271	riblt	2.17	2.02	1.99	
1791449276	riblt	2.40	2.07	2.00	
1791449281	riblt	2.29	2.05	2.00	
1791449286	riblt	2.26	2.05	2.00	
1791449292	riblt	2.24	2.05	2.00	
1791449297	riblt	2.14	2.03	1.99	
1791449302	riblt	2.13	2.03	1.99	
1791449307	riblt	2.28	2.06	2.00	
1791449312	riblt	2.26	2.06	2.00	
1791449317	riblt	2.32	2.07	2.01	
1791449322	riblt	2.21	2.06	2.00	
1791449327	riblt	2.11	2.04	2.00	
1791449332	riblt	2.10	2.04	2.00	
1791449337	riblt	2.10	2.04	2.00	
1791449342	riblt	2.01	2.02	1.99	
1791449347	riblt	2.16	2.05	2.00	
1791449352	riblt	2.15	2.05	2.00	
1791449357	riblt	2.05	2.03	1.99	
1791449362	riblt	2.05	2.03	1.99	
1791449367	riblt	2.13	2.05	2.00	
1791449372	riblt	2.04	2.03	1.99	
1791449377	riblt	1.95	2.01	1.99	
1791449382	riblt	1.96	2.01	1.99	
1791449387	riblt	1.96	2.01	1.99	
1791449392	riblt	2.04	2.03	1.99	
1791449398	riblt	2.04	2.03	1.99	
1791449403	riblt	1.96	2.01	1.99	
1791449408	riblt	3.24	2.27	2.08	
1791449413	riblt	3.14	2.27	2.08	
1791449418	riblt	2.97	2.25	2.08	
1791449423	riblt	2.81	2.23	2.07	
1791449428	riblt	2.75	2.22	2.07	
1791449433	riblt	2.69	2.22	2.07	
1791449438	riblt	2.79	2.25	2.08	
1791449443	riblt	2.73	2.24	2.08	
1791449448	riblt	2.75	2.26	2.08	
1791449453	riblt	2.69	2.25	2.08	
1791449458	riblt	2.55	2.23	2.08	
1791449463	riblt	2.51	2.23	2.08	
1791449468	riblt	2.39	2.21	2.07	
1791449473	riblt	2.36	2.20	2.07	
1791449478	riblt	2.33	2.20	2.07	
1791449483	riblt	2.30	2.20	2.07	
1791449488	riblt	2.28	2.19	2.07	
1791449493	riblt	2.25	2.19	2.07	
1791449498	riblt	2.23	2.19	2.07	
1791449503	riblt	2.21	2.18	2.07	
1791449508	riblt	2.28	2.20	2.07	
1791449514	riblt	2.17	2.18	2.07	
1791449519	riblt	2.16	2.17	2.06	
1791449524	riblt	2.31	2.20	2.08	
1791449529	riblt	2.28	2.20	2.08	
1791449534	riblt	2.26	2.20	2.08	
1791449539	riblt	2.16	2.18	2.07	
1791449544	riblt	2.15	2.17	2.07	
1791449549	riblt	2.13	2.17	2.07	
1791449554	riblt	2.04	2.15	2.06	
1791449559	riblt	2.04	2.15	2.06	
1791449564	riblt	2.12	2.16	2.07	
1791449569	riblt	2.11	2.16	2.07	
1791449574	riblt	2.10	2.16	2.07	
1791449579	riblt	2.01	2.14	2.06	
1791449584	riblt	1.93	2.12	2.05	
1791449589	riblt	1.93	2.12	2.05	
1791449594	riblt	1.86	2.10	2.05	
1791449599	riblt	1.87	2.09	2.05	
1791449604	riblt	1.80	2.08	2.04	
1791449609	riblt	1.82	2.07	2.04	
1791449614	riblt	1.91	2.09	2.04	
1791449619	riblt	1.92	2.09	2.04	
1791449625	riblt	1.92	2.09	2.04	
1791449630	riblt	1.93	2.08	2.04	
1791449635	riblt	1.85	2.07	2.04	
1791449640	riblt	1.87	2.07	2.04	
1791449645	riblt	1.88	2.06	2.04	
1791449650	riblt	1.89	2.06	2.03	
1791449655	riblt	1.81	2.04	2.03	
1791449660	riblt	1.83	2.04	2.03	
1791449665	riblt	1.76	2.03	2.02	
1791449670	riblt	1.78	2.03	2.02	
1791449675	riblt	1.80	2.02	2.02	
1791449680	riblt	1.73	2.01	2.01	
1791449685	riblt	1.76	2.01	2.01	
1791449690	riblt	1.85	2.02	2.02	
1791449695	riblt	1.79	2.01	2.01	
1791449700	riblt	1.88	2.02	2.02	
1791449705	riblt	1.81	2.01	2.01	
1791449710	riblt	1.83	2.00	2.01	
1791449715	riblt	1.84	2.00	2.01	
1791449720	riblt	1.85	2.00	2.01	
1791449725	riblt	1.79	1.99	2.00	
1791449730	riblt	1.80	1.99	2.00	
1791449736	riblt	1.74	1.97	2.00	
1791449741	riblt	1.76	1.97	2.00	
1791449746	riblt	2.02	2.02	2.01	
1791449751	riblt	2.10	2.04	2.02	
1791449756	riblt	2.01	2.02	2.01	
1791449761	riblt	1.93	2.00	2.01	
1791449766	riblt	1.93	2.00	2.01	
1791449771	riblt	1.86	1.98	2.00	
1791449776	riblt	1.87	1.98	2.00	
1791449781	riblt	1.88	1.98	2.00	
1791449786	riblt	1.81	1.97	1.99	
1791449791	riblt	1.74	1.95	1.99	
1791449796	riblt	1.68	1.94	1.98	
1791449801	riblt	1.71	1.94	1.98	
1791449806	riblt	1.81	1.95	1.99	
1791449811	riblt	1.83	1.95	1.99	
1791449816	riblt	1.84	1.96	1.99	
1791449821	riblt	1.93	1.97	1.99	
1791449826	riblt	1.94	1.97	1.99	
1791449831	riblt	1.94	1.97	1.99	
1791449836	riblt	1.95	1.97	1.99	
1791449841	riblt	2.03	1.99	2.00	
1791449846	riblt	2.03	1.99	2.00	
1791449852	riblt	1.95	1.97	1.99	
1791449857	riblt	1.87	1.96	1.99	
1791449862	riblt	1.88	1.96	1.99	
1791449867	riblt	1.81	1.94	1.98	
1791449872	riblt	1.74	1.92	1.98	
1791449877	riblt	1.84	1.94	1.98	
1791449882	riblt	1.86	1.94	1.98	
1791449887	riblt	1.87	1.94	1.98	
1791449892	riblt	1.88	1.94	1.98	
1791449897	riblt	1.89	1.94	1.98	
1791449902	riblt	1.90	1.94	1.98	
1791449907	riblt	1.90	1.94	1.98	
1791449912	riblt	1.91	1.95	1.98	
1791449917	riblt	2.16	2.00	2.00	
1791449922	riblt	2.23	2.01	2.01	
1791449927	riblt	2.21	2.01	2.01	
1791449932	riblt	2.11	1.99	2.00	
1791449937	riblt	2.10	1.99	2.00	
1791449942	riblt	2.25	2.03	2.01	
1791449947	riblt	2.31	2.04	2.02	
1791449952	riblt	2.29	2.04	2.02	
1791449957	riblt	2.50	2.09	2.03	
1791449963	riblt	2.46	2.09	2.03	
1791449968	riblt	2.43	2.09	2.03	
1791449973	riblt	2.39	2.09	2.03	
1791449978	riblt	2.36	2.08	2.03	
1791449983	riblt	2.33	2.08	2.03	
1791449988	riblt	2.22	2.07	2.02	
1791449993	riblt	2.21	2.06	2.02	
1791449998	riblt	2.19	2.06	2.02	
1791450003	riblt	2.17	2.06	2.02	
1791450008	riblt	2.48	2.13	2.05	
1791450013	riblt	2.36	2.11	2.04	
1791450018	riblt	2.33	2.10	2.04	
1791450023	riblt	2.39	2.12	2.04	
1791450028	riblt	2.35	2.12	2.04	
1791450033	riblt	2.41	2.13	2.05	
1791450038	riblt	2.29	2.11	2.04	
1791450043	riblt	2.27	2.11	2.04	
1791450048	riblt	2.25	2.11	2.04	
1791450053	riblt	2.39	2.14	2.05	
1791450058	riblt	2.36	2.14	2.05	
1791450063	riblt	2.25	2.12	2.05	
1791450068	riblt	2.39	2.15	2.06	
1791450073	riblt	2.36	2.15	2.06	
1791450078	riblt	2.41	2.16	2.06	
1791450084	riblt	3.34	2.36	2.13	
1791450089	riblt	3.15	2.33	2.12	
1791450094	riblt	3.38	2.39	2.15	
1791450099	riblt	3.27	2.39	2.15	
1791450104	riblt	3.08	2.36	2.14	
1791450109	riblt	3.16	2.39	2.15	
1791450114	riblt	3.06	2.38	2.15	
1791450119	riblt	2.98	2.38	2.15	
1791450124	riblt	2.82	2.35	2.14	
1791450129	riblt	2.75	2.35	2.14	
1791450134	riblt	2.69	2.34	2.14	
1791450139	riblt	3.28	2.47	2.19	
1791450144	riblt	3.34	2.49	2.20	
1791450149	riblt	3.15	2.47	2.19	
1791450154	riblt	2.98	2.45	2.18	
1791450159	riblt	2.82	2.42	2.17	
1791450164	riblt	2.67	2.40	2.17	
1791450169	riblt	2.54	2.37	2.16	
1791450174	riblt	2.49	2.37	2.16	
1791450179	riblt	2.45	2.36	2.16	
1791450184	riblt	2.34	2.34	2.15	
1791450189	riblt	2.23	2.32	2.14	
1791450194	riblt	2.21	2.31	2.14	
1791450200	riblt	2.19	2.30	2.14	
1791450205	riblt	2.18	2.30	2.14	
1791450210	riblt	2.08	2.28	2.13	
1791450215	riblt	2.08	2.27	2.13	
1791450220	riblt	2.15	2.28	2.14	
1791450225	riblt	2.22	2.30	2.14	
1791450230	riblt	2.12	2.27	2.14	
1791450235	riblt	2.11	2.27	2.14	
1791450240	riblt	2.02	2.25	2.13	
1791450245	riblt	1.94	2.23	2.12	
1791450250	riblt	1.94	2.22	2.12	
1791450255	riblt	1.87	2.20	2.11	
1791450260	riblt	1.88	2.20	2.11	
1791450265	riblt	1.89	2.19	2.11	
1791450270	riblt	1.82	2.17	2.10	
1791450275	riblt	1.83	2.17	2.10	
1791450280	riblt	1.85	2.17	2.10	
1791450285	riblt	1.78	2.15	2.10	
1791450290	riblt	1.88	2.16	2.10	
1791450295	riblt	1.81	2.14	2.09	
1791450300	riblt	1.90	2.15	2.10	
1791450305	riblt	1.91	2.15	2.10	
1791450311	riblt	1.92	2.15	2.10	
1791450316	riblt	1.92	2.15	2.10	
1791450321	riblt	1.93	2.14	2.09	
1791450326	riblt	1.93	2.14	2.09	
1791450331	riblt	1.86	2.12	2.09	
1791450336	riblt	1.87	2.12	2.09	
1791450341	riblt	1.88	2.12	2.08	
1791450346	riblt	1.89	2.12	2.08	
1791450351	riblt	1.82	2.10	2.08	
1791450356	riblt	1.83	2.09	2.08	
1791450361	riblt	1.84	2.09	2.08	
1791450366	riblt	1.78	2.07	2.07	
1791450371	riblt	1.79	2.07	2.07	
1791450376	riblt	1.81	2.07	2.07	
1791450381	riblt	1.75	2.05	2.06	
1791450386	riblt	1.77	2.05	2.06	
1791450391	riblt	1.70	2.03	2.06	
1791450396	riblt	1.73	2.03	2.05	
1791450401	riblt	1.67	2.02	2.05	
1791450406	riblt	1.70	2.02	2.05	
1791450411	riblt	1.72	2.02	2.05	
1791450416	riblt	1.74	2.01	2.05	
1791450421	riblt	1.76	2.01	2.05	
1791450427	riblt	1.86	2.03	2.05	
1791450432	riblt	1.79	2.01	2.05	
1791450437	riblt	1.73	2.00	2.04	
1791450442	riblt	1.75	2.00	2.04	
1791450447	riblt	1.77	2.00	2.04	
1791450452	riblt	1.71	1.98	2.03	
1791450457	riblt	1.81	2.00	2.04	
1791450462	riblt	1.83	2.00	2.04	
1791450467	riblt	1.84	2.00	2.04	
1791450472	riblt	1.85	2.00	2.04	
1791450477	riblt	1.78	1.98	2.03	
1791450482	riblt	1.80	1.98	2.03	
1791450487	riblt	1.82	1.98	2.03	
1791450492	riblt	1.75	1.96	2.02	
1791450497	riblt	2.01	2.01	2.04	
1791450502	riblt	2.09	2.03	2.04	
1791450507	riblt	2.16	2.04	2.05	
1791450512	riblt	2.23	2.06	2.06	
1791450517	riblt	2.29	2.08	2.06	
1791450522	riblt	2.51	2.12	2.08	
1791450528	riblt	2.71	2.17	2.09	
1791450533	riblt	2.73	2.19	2.10	
1791450538	riblt	2.75	2.20	2.10	
1791450543	riblt	3.01	2.26	2.13	
1791450548	riblt	3.01	2.27	2.13	
1791450553	riblt	3.09	2.30	2.14	
1791450558	riblt	3.08	2.31	2.15	
1791450563	riblt	3.08	2.32	2.15	
1791450568	riblt	3.15	2.35	2.16	
1791450573	riblt	3.22	2.38	2.17	
1791450578	riblt	3.20	2.39	2.18	
1791450583	riblt	3.10	2.38	2.18	
1791450588	riblt	3.02	2.38	2.18	
1791450593	riblt	2.93	2.37	2.17	
1791450598	riblt	2.86	2.36	2.17	
1791450603	riblt	2.71	2.34	2.17	
1791450608	riblt	2.57	2.32	2.16	
1791450613	riblt	2.45	2.30	2.15	
1791450618	riblt	2.33	2.27	2.14	
1791450623	riblt	2.30	2.27	2.14	
1791450628	riblt	2.28	2.26	2.14	
1791450633	riblt	2.18	2.24	2.14	
1791450638	riblt	3.12	2.44	2.21	
1791450643	riblt	3.11	2.45	2.21	
1791450649	riblt	3.02	2.44	2.21	
1791450654	riblt	2.86	2.42	2.20	
1791450659	riblt	2.79	2.41	2.20	
1791450664	riblt	2.81	2.42	2.20	
1791450669	riblt	2.74	2.41	2.20	
1791450674	riblt	2.68	2.40	2.20	
1791450679	riblt	2.55	2.38	2.19	
1791450684	riblt	2.50	2.37	2.19	
1791450689	riblt	2.38	2.35	2.18	
1791450694	riblt	2.51	2.38	2.19	
1791450699	riblt	2.39	2.36	2.19	
1791450704	riblt	2.36	2.35	2.19	
1791450709	riblt	2.25	2.33	2.18	
1791450714	riblt	2.23	2.32	2.18	
1791450719	riblt	2.13	2.30	2.17	
1791450724	riblt	2.28	2.33	2.18	
1791450729	riblt	2.42	2.35	2.19	
1791450734	riblt	2.38	2.35	2.19	
1791450739	riblt	2.35	2.34	2.19	
1791450744	riblt	2.48	2.37	2.20	
1791450750	riblt	2.37	2.35	2.19	
1791450755	riblt	2.26	2.32	2.18	
1791450760	riblt	2.24	2.32	2.18	
1791450765	riblt	2.22	2.31	2.18	
1791450770	riblt	2.20	2.31	2.18	
1791450775	riblt	2.18	2.30	2.18	
1791450780	riblt	2.09	2.28	2.17	
1791450785	riblt	2.00	2.26	2.16	
1791450790	riblt	1.92	2.24	2.16	
1791450795	riblt	2.57	2.37	2.20	
1791450800	riblt	2.68	2.39	2.21	
1791450805	riblt	2.55	2.37	2.20	
1791450810	riblt	2.66	2.40	2.21	
1791450815	riblt	2.53	2.37	2.21	
1791450820	riblt	2.49	2.37	2.21	
1791450825	riblt	2.45	2.36	2.20	
1791450830	riblt	2.33	2.34	2.20	
1791450835	riblt	2.39	2.35	2.20	
1791450840	riblt	2.27	2.33	2.19	
1791450845	riblt	2.17	2.30	2.19	
1791450850	riblt	2.08	2.28	2.18	
1791450855	riblt	1.99	2.26	2.17	
1791450860	riblt	1.99	2.25	2.17	
1791450866	riblt	1.99	2.25	2.17	
1791450871	riblt	1.99	2.25	2.17	
1791450876	riblt	1.99	2.24	2.17	
1791450881	riblt	2.07	2.25	2.17	
1791450886	riblt	2.07	2.25	2.17	
1791450891	riblt	1.98	2.23	2.16	
1791450896	riblt	1.98	2.22	2.16	
1791450901	riblt	1.98	2.22	2.16	
1791450906	riblt	1.90	2.20	2.15	
1791450911	riblt	1.91	2.20	2.15	
1791450916	riblt	1.92	2.19	2.15	
1791450921	riblt	1.93	2.19	2.15	
1791450926	riblt	1.93	2.19	2.15	
1791450931	riblt	1.94	2.18	2.15	
1791450936	riblt	1.94	2.18	2.15	
1791450941	riblt	1.87	2.16	2.14	
1791450946	riblt	1.80	2.14	2.13	
1791450951	riblt	1.81	2.14	2.13	
1791450956	riblt	1.83	2.14	2.13	
1791450961	riblt	1.76	2.12	2.13	
1791450966	riblt	1.78	2.11	2.12	
1791450971	riblt	1.72	2.10	2.12	
1791450976	riblt	1.74	2.09	2.12	
1791450982	riblt	1.76	2.09	2.12	
1791450987	riblt	1.70	2.07	2.11	
1791450992	riblt	1.72	2.07	2.11	
1791450997	riblt	1.67	2.05	2.10	
1791451002	riblt	1.69	2.05	2.10	
1791451007	riblt	1.64	2.04	2.09	
1791451012	riblt	1.66	2.03	2.09	
1791451017	riblt	1.69	2.03	2.09	
1791451022	riblt	1.72	2.03	2.09	
1791451027	riblt	1.82	2.05	2.10	
1791451032	riblt	1.75	2.03	2.09	
1791451037	riblt	1.77	2.03	2.09	
1791451042	riblt	1.79	2.03	2.09	
1791451047	riblt	1.81	2.03	2.09	
1791451052	riblt	1.98	2.06	2.10	
1791451057	riblt	1.90	2.04	2.09	
1791451062	riblt	1.83	2.03	2.08	
1791451067	riblt	1.76	2.01	2.08	
1791451072	riblt	1.70	1.99	2.07	
1791451077	riblt	1.73	1.99	2.07	
1791451082	riblt	1.75	1.99	2.07	
1791451087	riblt	1.69	1.97	2.06	
1791451093	riblt	1.71	1.97	2.06	
1791451098	riblt	1.83	1.99	2.07	
1791451103	riblt	1.92	2.01	2.07	
1791451108	riblt	1.93	2.01	2.07	
1791451113	riblt	2.01	2.02	2.08	
1791451118	riblt	2.09	2.04	2.08	
1791451123	riblt	2.33	2.09	2.10	
1791451128	riblt	2.38	2.10	2.10	
1791451133	riblt	2.43	2.12	2.11	
1791451138	riblt	2.31	2.10	2.10	
1791451143	riblt	2.29	2.10	2.10	
1791451148	riblt	2.26	2.09	2.10	
1791451153	riblt	2.16	2.08	2.09	
1791451158	riblt	2.15	2.07	2.09	
1791451163	riblt	2.14	2.07	2.09	
1791451168	riblt	2.13	2.07	2.09	
1791451173	riblt	2.04	2.05	2.08	
1791451178	riblt	2.51	2.15	2.12	
1791451183	riblt	2.39	2.13	2.11	
1791451188	riblt	2.36	2.13	2.11	
1791451193	riblt	2.25	2.11	2.10	
1791451198	riblt	2.15	2.09	2.10	
1791451203	riblt	2.14	2.09	2.10	
1791451209	riblt	2.29	2.12	2.11	
1791451214	riblt	2.26	2.12	2.11	
1791451219	riblt	2.16	2.10	2.10	
1791451224	riblt	2.07	2.08	2.09	
1791451229	riblt	2.06	2.08	2.09	
1791451234	riblt	2.06	2.08	2.09	
1791451239	riblt	2.05	2.08	2.09	
1791451244	riblt	1.97	2.06	2.08	
1791451249	riblt	1.97	2.06	2.08	
1791451254	riblt	1.89	2.04	2.08	
1791451259	riblt	1.90	2.04	2.07	
1791451264	riblt	1.83	2.02	2.07	
1791451269	riblt	1.84	2.02	2.07	
1791451274	riblt	1.77	2.00	2.06	
1791451279	riblt	1.71	1.99	2.06	
1791451284	riblt	1.65	1.97	2.05	
1791451289	riblt	1.60	1.95	2.04	
1791451294	riblt	1.55	1.94	2.04	
1791451299	riblt	1.59	1.94	2.04	
1791451304	riblt	1.62	1.94	2.04	
1791451309	riblt	1.65	1.94	2.03	
1791451314	riblt	1.68	1.94	2.03	
1791451320	riblt	1.79	1.96	2.04	
1791451325	riblt	1.72	1.94	2.03	
1791451330	riblt	1.66	1.93	2.03	
1791451335	riblt	1.69	1.93	2.03	
1791451340	riblt	1.72	1.93	2.03	
1791451345	riblt	1.74	1.93	2.03	
1791451350	riblt	1.76	1.93	2.02	
1791451355	riblt	1.78	1.93	2.02	
1791451360	riblt	1.72	1.92	2.02	
1791451365	riblt	1.90	1.95	2.03	
1791451370	riblt	1.91	1.95	2.03	
1791451375	riblt	1.83	1.93	2.02	
1791451380	riblt	1.85	1.94	2.02	
1791451385	riblt	1.78	1.92	2.02	
1791451390	riblt	1.72	1.90	2.01	
1791451395	riblt	1.82	1.92	2.01	
1791451400	riblt	1.75	1.91	2.01	
1791451405	riblt	1.77	1.91	2.01	
1791451410	riblt	1.79	1.91	2.01	
1791451415	riblt	1.81	1.91	2.01	
1791451420	riblt	1.74	1.90	2.00	
1791451425	riblt	2.00	1.95	2.02	
1791451431	riblt	2.00	1.95	2.02	
1791451436	riblt	2.00	1.95	2.02	
1791451441	riblt	2.00	1.95	2.02	
1791451446	riblt	2.08	1.97	2.02	
1791451451	riblt	1.99	1.95	2.02	
1791451456	riblt	2.07	1.97	2.02	
1791451461	riblt	2.07	1.97	2.02	
1791451466	riblt	2.14	1.98	2.03	
1791451471	riblt	2.05	1.97	2.02	
1791451476	riblt	2.05	1.97	2.02	
1791451481	riblt	2.04	1.97	2.02	
1791451486	riblt	1.96	1.95	2.01	
1791451491	riblt	2.04	1.97	2.02	
1791451496	riblt	2.04	1.97	2.02	
1791451501	riblt	1.95	1.95	2.01	
1791451506	riblt	1.96	1.95	2.01	
1791451511	riblt	1.96	1.96	2.01	
1791451516	riblt	1.96	1.96	2.01	
1791451521	riblt	1.97	1.96	2.01	
1791451526	riblt	1.97	1.96	2.01	
1791451531	riblt	1.89	1.94	2.00	
1791451536	riblt	1.90	1.94	2.00	
1791451541	riblt	1.91	1.94	2.00	
1791451547	riblt	1.91	1.94	2.00	
1791451552	riblt	2.00	1.96	2.01	
1791451557	riblt	2.00	1.96	2.01	
1791451562	riblt	2.00	1.96	2.00	
1791451567	riblt	2.16	1.99	2.02	
1791451572	riblt	2.23	2.01	2.02	
1791451577	riblt	2.21	2.01	2.02	
1791451582	riblt	2.19	2.01	2.02	
1791451587	riblt	2.26	2.03	2.03	
1791451592	riblt	2.24	2.03	2.03	
1791451597	riblt	2.22	2.02	2.02	
1791451602	riblt	2.12	2.01	2.02	
1791451607	riblt	2.11	2.01	2.02	
1791451612	riblt	2.02	1.99	2.01	
1791451617	riblt	1.94	1.97	2.01	
1791451622	riblt	1.94	1.97	2.00	
1791451627	riblt	1.95	1.97	2.00	
1791451632	riblt	1.87	1.96	2.00	
1791451637	riblt	1.88	1.96	2.00	
1791451642	riblt	1.89	1.96	2.00	
1791451647	riblt	1.90	1.96	2.00	
1791451652	riblt	1.83	1.94	1.99	
1791451658	riblt	1.76	1.93	1.99	
1791451663	riblt	1.70	1.91	1.98	
1791451668	riblt	1.72	1.91	1.98	
1791451673	riblt	1.83	1.93	1.99	
1791451678	riblt	1.76	1.91	1.98	
1791451683	riblt	1.70	1.90	1.97	
1791451688	riblt	1.96	1.95	1.99	
1791451693	riblt	1.88	1.93	1.99	
1791451698	riblt	1.89	1.93	1.99	
1791451703	riblt	1.98	1.95	1.99	
1791451708	riblt	1.98	1.95	1.99	
1791451713	riblt	1.90	1.94	1.99	
1791451718	riblt	1.83	1.92	1.98	
1791451723	riblt	1.76	1.91	1.97	
1791451728	riblt	1.70	1.89	1.97	
1791451733	riblt	1.73	1.89	1.97	
1791451738	riblt	1.75	1.89	1.97	
1791451743	riblt	1.77	1.89	1.97	
1791451748	riblt	1.87	1.91	1.97	
1791451753	riblt	1.88	1.91	1.97	
1791451758	riblt	2.61	2.06	2.03	
1791451763	riblt	2.64	2.08	2.03	
1791451768	riblt	2.83	2.13	2.05	
1791451773	riblt	3.16	2.21	2.08	
1791451779	riblt	3.31	2.25	2.10	
1791451784	riblt	3.68	2.35	2.13	
1791451789	idle after	3.79	2.39	2.15	
1791451794	idle after	3.73	2.40	2.15	
1791451799	idle after	3.59	2.40	2.15	
1791451804	idle after	3.62	2.42	2.16	
1791451809	idle after	3.89	2.50	2.19	
1791451814	idle after	3.90	2.52	2.20	
