group,function,parameter,stat,estimate_ns,ci_lo_ns,ci_hi_ns,confidence,elements,bytes
add,"edwards127/+= montgomery affine, 8 accumulators",,slope,49370.54021974287,49215.360202870936,49540.9024911886,0.95,1024,
add,edwards127/batch montgomery affine (tree sum),,slope,40946.060384453966,40829.87167234675,41081.38189208381,0.95,1024,
add,gf2_109/batch affine (tree sum),,slope,402059.2050657603,400522.02555867477,403887.23755517474,0.95,1024,
add,"gf2_109/extended += affine, 8 accumulators",,slope,853276.9776666174,851625.5391115193,855151.1864026533,0.95,1024,
add,"gf2_109/normalize, batched",,slope,512431.53692478203,510991.6628649053,514041.0052289266,0.95,1024,
add,"gf2_122-gls/extended += affine, 8 accumulators",,slope,445309.76847150386,443839.00239620113,446846.3565059181,0.95,1024,
add,"gf2_122-gls/normalize, batched",,slope,271719.75286537607,270744.588586212,272739.1067678335,0.95,1024,
add,gf2_122/batch affine (tree sum),,slope,220108.30549549282,219370.3259073934,220875.85358833984,0.95,1024,
add,"gf2_122/extended += affine, 8 accumulators",,slope,496885.95896261267,494090.2516564796,499543.85617310426,0.95,1024,
add,"gf2_122/normalize, batched",,slope,293038.7941960987,291315.26427640446,294783.02130143734,0.95,1024,
add,gf2_127/batch affine (tree sum),,slope,172655.26115068223,172076.30607142363,173253.45529513713,0.95,1024,
add,"gf2_127/extended += affine, 8 accumulators",,slope,393874.04033101816,391896.70337216294,396409.3449377021,0.95,1024,
add,weier127/batch affine (tree sum),,slope,40195.68245650953,39962.796722521365,40443.526113792424,0.95,1024,
add,"xor-sha256/xor 32B, 1 accumulator",,slope,210.0523073023528,209.09552519743818,211.06670007260402,0.95,1024,
add,"xor-sha256/xor 32B, 8 accumulators",,slope,519.326888049364,515.7953785654254,523.0594005748883,0.95,1024,
digest,edwards127/batch,,slope,1370861.7626185901,1367360.954274008,1374429.2165512925,0.95,1024,
digest,gf2_109/batch,,slope,1235921.3139943846,1232636.0455422946,1239504.1161322948,0.95,1024,
digest,gf2_122-gls/batch,,slope,704148.7376740063,700493.1440553712,708138.767946643,0.95,1024,
digest,gf2_122/batch,,slope,733935.5275749963,730178.0625949167,737898.431461096,0.95,1024,
digest,gf2_127/batch,,slope,526011.6278971479,522832.28705126594,529419.3056593395,0.95,1024,
digest,weier127/batch,,slope,1315210.9627604552,1310753.2331544922,1319983.8294842185,0.95,1024,
digest,xor-sha256,,slope,53308.83915067705,53068.66904111224,53579.60508028032,0.95,1024,
field,fp127/add,,slope,1007.2414496325711,1005.9277651247058,1008.7762057971353,0.95,1024,
field,fp127/batch invert (product tree),,slope,9733.756139685962,9680.131875409752,9797.13804687913,0.95,1024,
field,fp127/invert,,slope,589847.9321309295,589019.1752481934,590797.9779461988,0.95,1024,
field,fp127/mul latency (dependent chain),,slope,269.95259024724453,268.88490733199325,271.1650898312946,0.95,64,
field,fp127/mul throughput (8 chains),,slope,163.85014310771646,163.45004089459243,164.28434823039615,0.95,64,
field,fp127/neg,,slope,1006.7378405686877,1004.8466747143929,1009.0747059276782,0.95,1024,
field,fp127/pack,,slope,379.1853958820776,370.49232577381986,388.9052661957398,0.95,1024,
field,fp127/pow_p34 (x^(2^125-1)),,slope,592508.0113846608,588624.5216905522,596524.7299413104,0.95,1024,
field,fp127/sqrt (x^(2^125)),,slope,573180.167502586,572406.0497689508,574049.7259546852,0.95,1024,
field,fp127/sqrt_ratio,,slope,601570.6205999705,600349.8957166749,603005.752055758,0.95,1024,
field,fp127/square latency (dependent chain),,slope,274.0117362517639,272.5815577672587,275.5607554346014,0.95,64,
field,fp127/square throughput (8 chains),,slope,142.56266049572835,142.10994525574276,143.08375031454426,0.95,64,
field,fp127/unpack,,slope,756.1258974766636,749.9328375495692,763.7339710183948,0.95,1024,
field,gf2_109/batch invert (product tree),,slope,189221.67704448057,188600.75544511614,189952.67853695378,0.95,1024,
field,gf2_109/halftrace,,slope,60618.91780596146,60445.0062310583,60815.95179941647,0.95,1024,
field,gf2_109/halftrace (byte tables),,slope,3997.7113789910823,3984.66703095124,4012.9173658654895,0.95,1024,
field,gf2_109/invert,,mean,4495123.990833333,4483656.772500001,4507411.868625,0.95,1024,
field,gf2_109/mul latency (dependent chain),,slope,4135.4738052680605,4120.571146232065,4151.261415361404,0.95,64,
field,gf2_109/mul throughput (8 chains),,slope,3900.9481480784507,3881.4930732904977,3921.5224968671664,0.95,64,
field,gf2_109/normalize (to_u128),,slope,809.1182146750375,807.0799860744205,811.4922927511109,0.95,1024,
field,gf2_109/sqrt,,slope,36083.60707868015,35988.00683049387,36197.55850074315,0.95,1024,
field,gf2_109/square latency (dependent chain),,slope,2661.0409036559777,2645.084690852097,2677.4015151400636,0.95,64,
field,gf2_109/square throughput (8 chains),,slope,2423.6987660996124,2408.867430149054,2441.5162622613434,0.95,64,
field,gf2_109/trace,,slope,610.0702597985452,607.8802769494844,612.6313795261821,0.95,1024,
field,gf2_122/batch invert (product tree),,slope,115289.65454378273,114969.054322616,115639.59578043941,0.95,1024,
field,gf2_122/invert,,slope,515998.05410226097,514640.54314211896,517429.3939650698,0.95,1024,
field,gf2_122/mul latency (dependent chain),,slope,2551.2152677803174,2544.165423553379,2558.6876952867906,0.95,64,
field,gf2_122/mul throughput (8 chains),,slope,2427.6860341322554,2421.431503674091,2434.2861594785063,0.95,64,
field,gf2_122/mul_base (by a GF(2^61) constant) latency (dependent chain),,slope,1782.4108706498614,1777.195789994689,1787.9128977015694,0.95,64,
field,gf2_122/mul_base (by a GF(2^61) constant) throughput (8 chains),,slope,1551.8233956324093,1549.5038052802824,1554.3737597599343,0.95,64,
field,gf2_122/mul_u2 (by a^2 = 1 + a) latency (dependent chain),,slope,2.690719150166439,2.6841196191219954,2.6980001865663703,0.95,64,
field,gf2_122/mul_u2 (by a^2 = 1 + a) throughput (8 chains),,slope,7.906187015509705,7.883889943241902,7.9309799873836075,0.95,64,
field,gf2_122/normalize (to_u128),,slope,1424.0454167707044,1418.059234733123,1430.8172277504202,0.95,1024,
field,"gf2_122/qsolve (z^2 + z = c, 2 base halftraces)",,slope,3985.918488847681,3975.124549744384,3998.0818124179073,0.95,1024,
field,gf2_122/sqrt,,slope,4163.459224404924,4154.54960378727,4173.101232214691,0.95,1024,
field,gf2_122/square latency (dependent chain),,slope,579.7062547559176,578.1537097127439,581.3333371791068,0.95,64,
field,gf2_122/square throughput (8 chains),,slope,318.7412693142648,317.9242658522672,319.66322539102686,0.95,64,
field,gf2_122/trace,,slope,409.50035253717846,407.3152201650995,412.22505356297944,0.95,1024,
field,gf2_127/batch invert (product tree),,slope,85644.73732131423,85528.02145836799,85775.3219450336,0.95,1024,
field,gf2_127/halftrace,,slope,36411.5862262239,36306.591717775154,36541.74217137989,0.95,1024,
field,gf2_127/halftrace (byte tables),,slope,4236.705247429618,4230.165884089268,4244.175147539952,0.95,1024,
field,gf2_127/halftrace (nibble tables),,slope,25524.43529385252,25461.175728560313,25601.826193513753,0.95,1024,
field,gf2_127/invert,,slope,572254.56936013,571304.9586577113,573371.1695267681,0.95,1024,
field,gf2_127/mul latency (dependent chain),,slope,1627.68118933354,1613.3041445600957,1643.0402173299665,0.95,64,
field,gf2_127/mul throughput (8 chains),,slope,1891.0051613372589,1885.906079271273,1896.9224432676297,0.95,64,
field,gf2_127/normalize (to_u128),,slope,605.7996866463332,604.4638053272272,607.5165360693234,0.95,1024,
field,gf2_127/sqrt,,slope,5621.4074525175765,5611.107991885615,5632.093711807842,0.95,1024,
field,gf2_127/square latency (dependent chain),,slope,314.06993051790204,311.51019465133794,316.301051201767,0.95,64,
field,gf2_127/square throughput (8 chains),,slope,262.42060575339036,261.52974053807407,263.41985743081597,0.95,64,
field,gf2_127/trace,,slope,406.5715496298166,405.77822355270644,407.4872392413878,0.95,1024,
group.add,binary-lambda.109/mode=latency,,slope,562523.0644022461,561916.2453581553,563221.6695597682,0.95,1024,
group.add,binary-lambda.109/mode=throughput,,slope,557766.6838584306,556467.6745571265,559282.5575821747,0.95,1024,
group.add,binary-lambda.122-gls/mode=latency,,slope,320092.3958511896,319163.36284778145,321198.8371444218,0.95,1024,
group.add,binary-lambda.122-gls/mode=throughput,,slope,317591.96414659376,316468.8728223078,318904.3256958064,0.95,1024,
group.add,binary-lambda.122/mode=latency,,slope,316145.73549061624,315754.425626123,316583.80911169446,0.95,1024,
group.add,binary-lambda.122/mode=throughput,,slope,314454.7122853554,313805.03871167236,315203.803901358,0.95,1024,
group.add,binary-lambda.127/mode=latency,,slope,259255.81947613417,256884.30869184388,261668.65916852816,0.95,1024,
group.add,binary-lambda.127/mode=throughput,,slope,254488.18228831093,253246.31442325513,255725.349404058,0.95,1024,
group.add,binary-u.109/mode=latency,,slope,506236.3729924634,505601.2717717675,507008.4564782911,0.95,1024,
group.add,binary-u.109/mode=throughput,,slope,499652.3436929215,498846.3902164832,500649.3232222029,0.95,1024,
group.add,binary-u.122-gls/mode=latency,,slope,288057.9169410374,286077.35067403724,290744.77669708093,0.95,1024,
group.add,binary-u.122-gls/mode=throughput,,slope,282266.2034816019,281466.75406338385,283173.2687181421,0.95,1024,
group.add,binary-u.122/mode=latency,,slope,286807.39232008276,286024.41654139484,287618.2619708003,0.95,1024,
group.add,binary-u.122/mode=throughput,,slope,283943.50853775674,283114.1426260786,284802.38176726794,0.95,1024,
group.add,binary-u.127/mode=latency,,slope,227826.2225399734,227438.14438497202,228292.26294915244,0.95,1024,
group.add,binary-u.127/mode=throughput,,slope,224966.00600797992,224631.9898418671,225317.51935611162,0.95,1024,
group.add,binary-w.109/mode=latency,,slope,563249.8818900547,562357.5308713032,564276.8564609367,0.95,1024,
group.add,binary-w.109/mode=throughput,,slope,554403.677490764,553646.2810386306,555189.2524351121,0.95,1024,
group.add,binary-w.122-gls/mode=latency,,slope,320575.89727205556,319415.3308560293,321968.8937403721,0.95,1024,
group.add,binary-w.122-gls/mode=throughput,,slope,316976.93063765333,315969.71497066587,318127.72396734694,0.95,1024,
group.add,binary-w.122/mode=latency,,slope,317242.1745847495,316384.29048460757,318268.80819080764,0.95,1024,
group.add,binary-w.122/mode=throughput,,slope,314264.43418723217,313868.9885681773,314685.7372204522,0.95,1024,
group.add,binary-w.127/mode=latency,,slope,259301.18048174967,257597.58289857057,261027.8637257396,0.95,1024,
group.add,binary-w.127/mode=throughput,,slope,254486.1515738141,252874.98055997645,256089.35905074186,0.95,1024,
group.add,binary.109/mode=latency,,slope,692224.7224309148,691445.2428302589,693035.275735978,0.95,1024,
group.add,binary.109/mode=throughput,,slope,691790.9886936604,690730.2945839984,692873.3835904206,0.95,1024,
group.add,binary.122-gls/mode=latency,,slope,381518.3692665386,380655.88208523253,382500.51935575914,0.95,1024,
group.add,binary.122-gls/mode=throughput,,slope,378823.5966720851,377912.3790423689,379791.0513371889,0.95,1024,
group.add,binary.122/mode=latency,,slope,402647.714981528,402210.613532117,403173.70546467334,0.95,1024,
group.add,binary.122/mode=throughput,,slope,398882.2236746958,398390.9754440711,399466.14725035237,0.95,1024,
group.add,binary.127/mode=latency,,slope,314267.68414068274,313794.6556192434,314797.268691497,0.95,1024,
group.add,binary.127/mode=throughput,,slope,314534.5538672972,314194.8603136544,314902.0695083573,0.95,1024,
group.add,edwards.127/mode=latency,,slope,33319.435261415696,33227.21103874255,33437.62411938739,0.95,1024,
group.add,edwards.127/mode=throughput,,slope,27527.995067238066,27459.26237381642,27608.459476135715,0.95,1024,
group.add,weier-jacobian.127/mode=latency,,slope,56625.740436431704,56546.08244835267,56718.76687744925,0.95,1024,
group.add,weier-jacobian.127/mode=throughput,,slope,48467.384011484304,48387.25210181199,48560.03205553887,0.95,1024,
group.add,weier.127/mode=latency,,slope,64749.71572096202,64519.94288734248,65002.28094070126,0.95,1024,
group.add,weier.127/mode=throughput,,slope,59447.49029042325,59313.08789692591,59600.582484540384,0.95,1024,
group.decode,"binary-lambda.109/mode=batch,n=1024",,slope,433689.80921333923,431872.0038889299,435767.8418060015,0.95,1024,
group.decode,binary-lambda.109/mode=indep,,mean,4723299.715454545,4715454.117181816,4731652.451772726,0.95,1024,
group.decode,"binary-lambda.122-gls/mode=batch,n=1024",,slope,233176.15719994088,232500.01328009108,233957.80467560433,0.95,1024,
group.decode,binary-lambda.122-gls/mode=indep,,slope,648174.524748042,646702.2065023645,649747.1764059715,0.95,1024,
group.decode,"binary-lambda.122/mode=batch,n=1024",,slope,262052.6265819418,261059.58369934108,263387.54272001964,0.95,1024,
group.decode,binary-lambda.122/mode=indep,,slope,659260.8962686567,658441.0371500228,660226.6339611076,0.95,1024,
group.decode,"binary-lambda.127/mode=batch,n=1024",,slope,166801.43223289493,165686.462000895,168010.51709299715,0.95,1024,
group.decode,binary-lambda.127/mode=indep,,slope,694745.9035377568,690694.1990357353,698808.4182100254,0.95,1024,
group.decode,"binary-u.109/mode=batch,n=1024",,slope,531962.182059997,531181.2834650825,532920.7185568472,0.95,1024,
group.decode,binary-u.109/mode=indep,,mean,4855213.936363637,4845181.765454547,4866497.137113636,0.95,1024,
group.decode,"binary-u.122-gls/mode=batch,n=1024",,slope,278508.33891163,277752.75299715373,279369.4035808615,0.95,1024,
group.decode,binary-u.122-gls/mode=indep,,slope,689473.1418590217,688183.3656495092,690927.132092157,0.95,1024,
group.decode,"binary-u.122/mode=batch,n=1024",,slope,316384.85434904683,315187.23172340845,317669.324465334,0.95,1024,
group.decode,binary-u.122/mode=indep,,slope,724453.8109117778,722331.0885145449,726705.5299944202,0.95,1024,
group.decode,"binary-u.127/mode=batch,n=1024",,slope,232534.8206844983,232187.93990365035,232943.28893549184,0.95,1024,
group.decode,binary-u.127/mode=indep,,slope,748295.4750273386,747459.6524095801,749255.9388548946,0.95,1024,
group.decode,"binary-w.109/mode=batch,n=1024",,slope,409999.6488626176,409310.82379489986,410779.6606123862,0.95,1024,
group.decode,binary-w.109/mode=indep,,mean,4713991.086363637,4708465.727681818,4719811.08093182,0.95,1024,
group.decode,"binary-w.122-gls/mode=batch,n=1024",,slope,207762.54016964682,207106.72248321382,208527.1773733409,0.95,1024,
group.decode,binary-w.122-gls/mode=indep,,slope,611943.601021132,610501.2915088494,613609.1774920794,0.95,1024,
group.decode,"binary-w.122/mode=batch,n=1024",,slope,220967.02278114378,219253.89862640083,223199.62134669046,0.95,1024,
group.decode,binary-w.122/mode=indep,,slope,627843.3062450126,627052.7278426989,628693.6264687225,0.95,1024,
group.decode,"binary-w.127/mode=batch,n=1024",,slope,173798.26393872223,173158.36027929204,174466.48032676,0.95,1024,
group.decode,binary-w.127/mode=indep,,slope,699140.730159598,695961.6830142571,702631.3703554831,0.95,1024,
group.decode,"binary.109/mode=batch,n=1024",,slope,431104.8195123393,430511.3601570904,431773.42498095054,0.95,1024,
group.decode,binary.109/mode=indep,,mean,4709489.775454545,4704193.268659091,4715296.0737954555,0.95,1024,
group.decode,"binary.122-gls/mode=batch,n=1024",,slope,234724.4084084528,233693.74620779612,235926.89090204056,0.95,1024,
group.decode,binary.122-gls/mode=indep,,slope,664431.5534476134,659995.5484771706,668846.3364670357,0.95,1024,
group.decode,"binary.122/mode=batch,n=1024",,slope,262202.0751470371,261880.00905990793,262555.24422837625,0.95,1024,
group.decode,binary.122/mode=indep,,slope,660889.2333205261,660111.5686606969,661713.1094074424,0.95,1024,
group.decode,"binary.127/mode=batch,n=1024",,slope,170712.3370065514,169341.31296122476,172167.58423542915,0.95,1024,
group.decode,binary.127/mode=indep,,slope,674881.3096128269,671985.8031380043,677987.7317641039,0.95,1024,
group.decode,"edwards.127/mode=batch,n=1024",,slope,589992.0075631742,588646.7086964126,591464.4651758627,0.95,1024,
group.decode,"edwards.127/mode=batch,n=64",,slope,586426.8000487661,585607.3206054802,587330.7202348694,0.95,1024,
group.decode,"edwards.127/mode=batch,n=8",,slope,588434.0199601005,587839.8223041447,589143.2249065595,0.95,1024,
group.decode,edwards.127/mode=indep,,slope,588718.4817201123,587139.9056536066,590867.4147358828,0.95,1024,
group.decode,"weier-jacobian.127/mode=batch,n=1024",,slope,587522.6621915177,586395.2642120074,588851.2483313461,0.95,1024,
group.decode,"weier-jacobian.127/mode=batch,n=64",,slope,592910.4056376533,591011.2131541732,594826.6203344512,0.95,1024,
group.decode,"weier-jacobian.127/mode=batch,n=8",,slope,589350.9739707403,588094.8184379464,590725.8904949452,0.95,1024,
group.decode,weier-jacobian.127/mode=indep,,slope,587919.53190631,587090.8729646851,588839.324329812,0.95,1024,
group.decode,"weier.127/mode=batch,n=1024",,slope,586870.7173459436,585962.6088365862,587906.6828836608,0.95,1024,
group.decode,"weier.127/mode=batch,n=64",,slope,589512.2179872913,587975.6503210703,591187.5749162156,0.95,1024,
group.decode,"weier.127/mode=batch,n=8",,slope,590749.8816550908,589294.8356878258,592332.2651977099,0.95,1024,
group.decode,weier.127/mode=indep,,slope,587533.8035348012,586807.3445319537,588363.593555235,0.95,1024,
group.encode,"binary-lambda.109/mode=batch,n=1024",,slope,380263.880728043,379316.4488825242,381351.72076301463,0.95,1024,
group.encode,binary-lambda.109/mode=indep,,mean,4681988.389090908,4677255.075795453,4687044.008250001,0.95,1024,
group.encode,"binary-lambda.122-gls/mode=batch,n=1024",,slope,247740.288255948,246890.7884793777,248598.9686255667,0.95,1024,
group.encode,binary-lambda.122-gls/mode=indep,,slope,654588.2158726171,651367.9132411561,657942.4262792178,0.95,1024,
group.encode,"binary-lambda.122/mode=batch,n=1024",,slope,239331.12200443327,239027.08402867106,239672.5196753612,0.95,1024,
group.encode,binary-lambda.122/mode=indep,,slope,638874.8311201419,638272.4115980391,639547.2835336566,0.95,1024,
group.encode,"binary-lambda.127/mode=batch,n=1024",,slope,176489.15547214422,175413.0470543492,177670.87473322282,0.95,1024,
group.encode,binary-lambda.127/mode=indep,,slope,686646.6122905276,683009.6522443602,690466.1267834371,0.95,1024,
group.encode,"binary-u.109/mode=batch,n=1024",,slope,351592.44509334513,351148.92631290905,352076.2650800114,0.95,1024,
group.encode,binary-u.109/mode=indep,,mean,4637198.180909092,4631169.517704545,4643586.88784091,0.95,1024,
group.encode,"binary-u.122-gls/mode=batch,n=1024",,slope,204929.79134032805,204339.2409631351,205559.9909364867,0.95,1024,
group.encode,binary-u.122-gls/mode=indep,,slope,612293.9103768287,610193.3478837523,614646.6133831707,0.95,1024,
group.encode,"binary-u.122/mode=batch,n=1024",,slope,207014.6493985518,206069.2226311533,208039.1507742602,0.95,1024,
group.encode,binary-u.122/mode=indep,,slope,624917.4351204374,621912.2295741475,628097.1423233878,0.95,1024,
group.encode,"binary-u.127/mode=batch,n=1024",,slope,153447.4481099453,153217.12455299252,153707.02239547382,0.95,1024,
group.encode,binary-u.127/mode=indep,,slope,653418.8012753066,652602.5727435896,654299.2606418538,0.95,1024,
group.encode,"binary-w.109/mode=batch,n=1024",,slope,351596.1409871435,350839.4434590186,352461.35315468826,0.95,1024,
group.encode,binary-w.109/mode=indep,,mean,4674826.23909091,4666562.829977271,4684088.106363638,0.95,1024,
group.encode,"binary-w.122-gls/mode=batch,n=1024",,slope,202825.53854647555,202169.71959814936,203611.57931922222,0.95,1024,
group.encode,binary-w.122-gls/mode=indep,,slope,608949.2178572484,606591.9561890841,611707.0541393666,0.95,1024,
group.encode,"binary-w.122/mode=batch,n=1024",,slope,204638.8453967785,203221.95335284542,206190.4528996383,0.95,1024,
group.encode,binary-w.122/mode=indep,,slope,604118.3799157677,603363.3131832781,605059.7030700677,0.95,1024,
group.encode,"binary-w.127/mode=batch,n=1024",,slope,152045.92623952375,151445.17207452544,152654.65001199738,0.95,1024,
group.encode,binary-w.127/mode=indep,,slope,670394.9715353923,665679.216331473,676690.9265575137,0.95,1024,
group.encode,"binary.109/mode=batch,n=1024",,slope,511571.76301462983,510991.43975657434,512215.87646283116,0.95,1024,
group.encode,binary.109/mode=indep,,mean,4808283.982727274,4797741.927409091,4820802.814272728,0.95,1024,
group.encode,"binary.122-gls/mode=batch,n=1024",,slope,276823.8580109354,275323.45607816486,278449.01408361754,0.95,1024,
group.encode,binary.122-gls/mode=indep,,slope,669756.3193468302,668498.4586533834,671191.2803646311,0.95,1024,
group.encode,"binary.122/mode=batch,n=1024",,slope,292397.0368686272,291923.45288257796,292937.0748655122,0.95,1024,
group.encode,binary.122/mode=indep,,slope,688181.998745382,687321.7454035211,689158.3249893055,0.95,1024,
group.encode,"binary.127/mode=batch,n=1024",,slope,219140.40072824,218526.5299172712,219790.63478567594,0.95,1024,
group.encode,binary.127/mode=indep,,slope,725963.6608970001,723721.1136946854,728321.4981881574,0.95,1024,
group.encode,"edwards.127/mode=batch,n=1024",,slope,30838.774054390513,30773.109531735667,30913.639994374145,0.95,1024,
group.encode,"edwards.127/mode=batch,n=64",,slope,43711.79444979151,43569.40059297053,43900.71286637262,0.95,1024,
group.encode,"edwards.127/mode=batch,n=8",,slope,116970.95764280905,116833.86573589953,117131.0382911329,0.95,1024,
group.encode,edwards.127/mode=indep,,slope,616119.0145071672,614711.4583230811,617719.3843768702,0.95,1024,
group.encode,"weier-jacobian.127/mode=batch,n=1024",,slope,23080.24086727312,23047.02446955898,23114.89965516733,0.95,1024,
group.encode,"weier-jacobian.127/mode=batch,n=64",,slope,35966.72605712597,35869.24110787551,36074.867338362936,0.95,1024,
group.encode,"weier-jacobian.127/mode=batch,n=8",,slope,109715.7412032248,109454.73226798442,110027.68912794914,0.95,1024,
group.encode,weier-jacobian.127/mode=indep,,slope,607318.0036633663,606458.6393179098,608240.3401548577,0.95,1024,
group.encode,"weier.127/mode=batch,n=1024",,slope,16328.13146276409,16270.020218279973,16413.337731241303,0.95,1024,
group.encode,"weier.127/mode=batch,n=64",,slope,28696.041016276467,28602.237947949892,28807.130997436016,0.95,1024,
group.encode,"weier.127/mode=batch,n=8",,slope,103473.17025121916,103154.76387619787,103847.02073557532,0.95,1024,
group.encode,weier.127/mode=indep,,slope,600686.7342928919,599970.0212167227,601502.0452148705,0.95,1024,
group.equals,binary-lambda.109/mode=mismatch,,slope,64039.113878195654,63941.49125652632,64140.66158343709,0.95,1024,
group.equals,binary-lambda.122-gls/mode=mismatch,,slope,44821.5691070301,44670.76803700467,44978.37785045535,0.95,1024,
group.equals,binary-lambda.122/mode=mismatch,,slope,43809.773031013676,43757.729339935664,43869.097887895114,0.95,1024,
group.equals,binary-lambda.127/mode=mismatch,,slope,31370.75349231565,31153.59434833251,31589.3182158857,0.95,1024,
group.equals,binary-u.109/mode=mismatch,,slope,187911.6313422984,187624.14727724448,188198.42884484484,0.95,1024,
group.equals,binary-u.122-gls/mode=mismatch,,slope,119094.2943359112,118686.15863168144,119544.67295886567,0.95,1024,
group.equals,binary-u.122/mode=mismatch,,slope,121866.09497101948,121478.96584060437,122284.91019681086,0.95,1024,
group.equals,binary-u.127/mode=mismatch,,slope,92081.43586173543,91794.55370431906,92426.64243343346,0.95,1024,
group.equals,binary-w.109/mode=mismatch,,slope,63908.89785835673,63811.599994999684,64021.13344264447,0.95,1024,
group.equals,binary-w.122-gls/mode=mismatch,,slope,44021.02515275538,43950.92064485634,44101.179664961914,0.95,1024,
group.equals,binary-w.122/mode=mismatch,,slope,43890.217909419756,43849.67766170477,43933.9430498091,0.95,1024,
group.equals,binary-w.127/mode=mismatch,,slope,30748.210025301036,30595.01959500225,30915.744454002885,0.95,1024,
group.equals,binary.109/mode=mismatch,,slope,124434.72167910448,124173.62151541533,124699.20363668412,0.95,1024,
group.equals,binary.122-gls/mode=mismatch,,slope,78922.56736720055,78720.51884991846,79152.04955700612,0.95,1024,
group.equals,binary.122/mode=mismatch,,slope,78298.57166793602,78208.32184920878,78397.56156374111,0.95,1024,
group.equals,binary.127/mode=mismatch,,slope,56061.049648128996,55860.629610783755,56273.635274404456,0.95,1024,
group.equals,edwards.127/mode=match,,slope,5725.186776296734,5690.8851957406,5764.864169055055,0.95,1024,
group.equals,edwards.127/mode=mismatch,,slope,3239.1333065115114,3231.9039071305438,3247.061634052368,0.95,1024,
group.equals,weier-jacobian.127/mode=match,,slope,13656.659909269601,13612.24706057389,13707.158753120613,0.95,1024,
group.equals,weier-jacobian.127/mode=mismatch,,slope,6773.905654536216,6759.325358059392,6792.137092277268,0.95,1024,
group.equals,weier.127/mode=match,,slope,6072.15559865134,6050.406440910333,6097.785445140084,0.95,1024,
group.equals,weier.127/mode=mismatch,,slope,3428.3746793618116,3422.0006350337585,3435.567848147661,0.95,1024,
group.is_identity,binary-lambda.109,,slope,910.445015004476,908.9404073335656,912.0941187879577,0.95,1024,
group.is_identity,binary-lambda.122,,slope,1006.0794073446913,1004.3918141659706,1007.9177251877328,0.95,1024,
group.is_identity,binary-lambda.122-gls,,slope,1048.2706290754813,1044.060347343088,1052.558896656127,0.95,1024,
group.is_identity,binary-lambda.127,,slope,831.7745154398955,826.0957353981271,837.5174606305499,0.95,1024,
group.is_identity,binary-u.109,,slope,908.3063757841742,906.6597319109984,910.1318987045986,0.95,1024,
group.is_identity,binary-u.122,,slope,1026.6750051046392,1021.7770371087065,1032.2365761117442,0.95,1024,
group.is_identity,binary-u.122-gls,,slope,1034.234953610994,1027.6313355617986,1041.154707871907,0.95,1024,
group.is_identity,binary-u.127,,slope,804.9512304244817,803.2256371584255,806.9557384534545,0.95,1024,
group.is_identity,binary-w.109,,slope,912.4796083813719,910.3612177938919,915.1234387386322,0.95,1024,
group.is_identity,binary-w.122,,slope,1014.939265511371,1009.5380700189288,1022.362423696535,0.95,1024,
group.is_identity,binary-w.122-gls,,slope,1012.2292276569599,1009.6222608818,1015.1801260966118,0.95,1024,
group.is_identity,binary-w.127,,slope,819.8530662632598,816.1036814449493,823.8756103792375,0.95,1024,
group.is_identity,binary.109,,slope,974.5933858586172,972.8215368981705,976.5197034213668,0.95,1024,
group.is_identity,binary.122,,slope,1014.7726476126958,1012.4615500658189,1017.2571607378384,0.95,1024,
group.is_identity,binary.122-gls,,slope,1017.157114941998,1014.2878027021798,1020.3306536125018,0.95,1024,
group.is_identity,binary.127,,slope,886.7447481738874,884.1341260636772,890.0452115210451,0.95,1024,
group.is_identity,edwards.127,,slope,1148.7069898377447,1147.1879539463062,1150.3417100690049,0.95,1024,
group.is_identity,weier-jacobian.127,,slope,407.95407261018335,407.2618794529994,408.7895153599421,0.95,1024,
group.is_identity,weier.127,,slope,407.88069752083004,407.14857645061795,408.6605107628158,0.95,1024,
group.neg,binary-lambda.109,,slope,570.1291224198778,567.6485675879701,572.7642509013326,0.95,1024,
group.neg,binary-lambda.122,,slope,566.5850149741169,563.9206078010917,569.4384094610181,0.95,1024,
group.neg,binary-lambda.122-gls,,slope,591.6715305816587,588.0815035048859,595.1581267780904,0.95,1024,
group.neg,binary-lambda.127,,slope,578.1904516253007,574.4471806056596,582.1257503086366,0.95,1024,
group.neg,binary-u.109,,slope,631.574801581685,630.2944990150369,633.0670548388226,0.95,1024,
group.neg,binary-u.122,,slope,634.0517348918088,631.6243928023879,636.6424097222172,0.95,1024,
group.neg,binary-u.122-gls,,slope,634.2853918526181,632.4449392380112,636.303802452647,0.95,1024,
group.neg,binary-u.127,,slope,630.0986006619426,628.9534718928634,631.3156830779359,0.95,1024,
group.neg,binary-w.109,,slope,568.6881505883568,565.7743694886913,571.8676592802543,0.95,1024,
group.neg,binary-w.122,,slope,568.3656418374395,565.6820255704584,571.1915994839591,0.95,1024,
group.neg,binary-w.122-gls,,slope,576.8400717625557,574.3882169555474,579.2434330261649,0.95,1024,
group.neg,binary-w.127,,slope,579.8814733220573,576.8430051027926,583.0371712556855,0.95,1024,
group.neg,binary.109,,slope,1256.0306871582682,1253.1265987163788,1259.5945574450823,0.95,1024,
group.neg,binary.122,,slope,1260.210392000394,1258.2242558832343,1262.4214624998751,0.95,1024,
group.neg,binary.122-gls,,slope,1264.9508660404244,1260.2799927526726,1270.0678233737758,0.95,1024,
group.neg,binary.127,,slope,1268.5990144696511,1264.7036135896296,1273.392119715107,0.95,1024,
group.neg,edwards.127,,slope,2216.529087157739,2213.0333929170124,2220.4506943739534,0.95,1024,
group.neg,weier-jacobian.127,,slope,1207.6033967846035,1205.193913997908,1210.3279442228516,0.95,1024,
group.neg,weier.127,,slope,1208.1745849412146,1204.6315545182297,1212.069641027697,0.95,1024,
group.prepare,"binary-lambda.109/mode=batch,n=1024",,slope,251225.86733412146,250926.6851187058,251553.44934735345,0.95,1024,
group.prepare,binary-lambda.109/mode=indep,,mean,4538930.313333334,4532101.427812498,4547637.4683125,0.95,1024,
group.prepare,"binary-lambda.122-gls/mode=batch,n=1024",,slope,156849.63115666364,156248.7777933857,157545.3553854132,0.95,1024,
group.prepare,binary-lambda.122-gls/mode=indep,,slope,559448.526014482,557824.3710433267,561216.3066242692,0.95,1024,
group.prepare,"binary-lambda.122/mode=batch,n=1024",,slope,155178.15844286347,154933.33259464684,155449.57242002996,0.95,1024,
group.prepare,binary-lambda.122/mode=indep,,slope,554862.6820954633,553969.7498986423,555893.1038345551,0.95,1024,
group.prepare,"binary-lambda.127/mode=batch,n=1024",,slope,122436.64817069766,121768.53151477205,123117.19263465761,0.95,1024,
group.prepare,binary-lambda.127/mode=indep,,slope,632686.2917481897,628860.3763204743,636591.9611313089,0.95,1024,
group.prepare,"binary-u.109/mode=batch,n=1024",,slope,1285.9739876399594,1265.2131750170147,1305.7934422657645,0.95,1024,
group.prepare,binary-u.109/mode=indep,,slope,564.5340426854584,559.4551894356018,569.2695236010633,0.95,1024,
group.prepare,"binary-u.122-gls/mode=batch,n=1024",,slope,1322.4576675828266,1308.5201992138568,1335.7247113691024,0.95,1024,
group.prepare,binary-u.122-gls/mode=indep,,slope,567.7854319820042,562.3475864582799,572.9582900941042,0.95,1024,
group.prepare,"binary-u.122/mode=batch,n=1024",,slope,1345.3150595943503,1321.2143255251344,1368.40054688484,0.95,1024,
group.prepare,binary-u.122/mode=indep,,slope,582.2256974155304,574.9866431112606,589.2690433169106,0.95,1024,
group.prepare,"binary-u.127/mode=batch,n=1024",,slope,1354.1139563366278,1342.0763148357414,1365.455206573402,0.95,1024,
group.prepare,binary-u.127/mode=indep,,slope,572.9109630135899,567.6499237857666,577.7821208946689,0.95,1024,
group.prepare,"binary-w.109/mode=batch,n=1024",,slope,1270.3763573264387,1257.1749225793899,1286.1410921889833,0.95,1024,
group.prepare,binary-w.109/mode=indep,,slope,560.6090007323388,555.0976648073062,566.2700050450522,0.95,1024,
group.prepare,"binary-w.122-gls/mode=batch,n=1024",,slope,1300.1808312312376,1292.9993805571034,1308.6432388220435,0.95,1024,
group.prepare,binary-w.122-gls/mode=indep,,slope,573.557787067675,569.1070447109331,577.527922798114,0.95,1024,
group.prepare,"binary-w.122/mode=batch,n=1024",,slope,1277.4886247595998,1262.2807786986757,1295.5794890753255,0.95,1024,
group.prepare,binary-w.122/mode=indep,,slope,560.6732177293685,554.8640895399928,566.8235127674279,0.95,1024,
group.prepare,"binary-w.127/mode=batch,n=1024",,slope,1315.6520657920519,1298.3043953510416,1335.657868286124,0.95,1024,
group.prepare,binary-w.127/mode=indep,,slope,565.7981819004513,559.9586483115942,571.9612697484234,0.95,1024,
group.prepare,"binary.109/mode=batch,n=1024",,slope,163368.52233401593,162909.0959070328,163952.82212024264,0.95,1024,
group.prepare,binary.109/mode=indep,,slope,165399.94393133343,165065.30216433655,165768.52839353395,0.95,1024,
group.prepare,"binary.122-gls/mode=batch,n=1024",,slope,62622.011482008274,62437.961046801865,62834.1473464854,0.95,1024,
group.prepare,binary.122-gls/mode=indep,,slope,62378.188948389245,62196.52092897791,62575.239295094536,0.95,1024,
group.prepare,"binary.122/mode=batch,n=1024",,slope,86289.14682823507,86187.65203581813,86404.10557907195,0.95,1024,
group.prepare,binary.122/mode=indep,,slope,87147.6098495148,87020.5789164811,87307.29318382476,0.95,1024,
group.prepare,"binary.127/mode=batch,n=1024",,slope,56511.66629056233,56430.2345123917,56605.220133264695,0.95,1024,
group.prepare,binary.127/mode=indep,,slope,58904.186668694965,58541.34717370157,59263.38449801228,0.95,1024,
group.prepare,"edwards.127/mode=batch,n=1024",,slope,38869.921490491186,38779.043126362165,38976.75910852261,0.95,1024,
group.prepare,"edwards.127/mode=batch,n=64",,slope,51615.77032096941,51543.7152882235,51701.29402995752,0.95,1024,
group.prepare,"edwards.127/mode=batch,n=8",,slope,127066.00024013595,126824.3526156054,127354.43442389736,0.95,1024,
group.prepare,edwards.127/mode=indep,,slope,650649.126113492,649252.6419845712,652382.7697479748,0.95,1024,
group.prepare,"weier-jacobian.127/mode=batch,n=1024",,slope,897.708829014422,894.3090803112506,901.432417278141,0.95,1024,
group.prepare,"weier-jacobian.127/mode=batch,n=64",,slope,1151.2738040463375,1147.528392537386,1155.3532997802108,0.95,1024,
group.prepare,"weier-jacobian.127/mode=batch,n=8",,slope,1351.5924112438381,1346.7399175803753,1357.2463429848447,0.95,1024,
group.prepare,weier-jacobian.127/mode=indep,,slope,815.8641438472454,811.6263637618667,820.4495115451821,0.95,1024,
group.prepare,"weier.127/mode=batch,n=1024",,slope,892.5349215090663,890.3489803887383,894.9103654201624,0.95,1024,
group.prepare,"weier.127/mode=batch,n=64",,slope,1159.767338303362,1155.6414740619023,1164.6956849952544,0.95,1024,
group.prepare,"weier.127/mode=batch,n=8",,slope,1360.9656576289087,1355.0239893968228,1367.89912869991,0.95,1024,
group.prepare,weier.127/mode=indep,,slope,811.7185064329904,808.2807628696735,815.2598410290153,0.95,1024,
group.sub,edwards.127/mode=throughput,,slope,29527.031639791723,29485.965480983476,29572.259697462734,0.95,1024,
group.sub,weier-jacobian.127/mode=throughput,,slope,49769.237737549876,49631.49518039111,49918.72510010865,0.95,1024,
group.sub,weier.127/mode=throughput,,slope,60178.87834004121,60038.60373207622,60336.874590830565,0.95,1024,
h2c,"binary-lambda.109/mode=batch,n=1024",,slope,833473.3909442885,832202.1945539527,834887.5839045352,0.95,1024,
h2c,binary-lambda.109/mode=indep,,mean,9295060.573333334,9284409.226666665,9306360.630541664,0.95,1024,
h2c,"binary-lambda.122-gls/mode=batch,n=1024",,slope,466176.7519708389,464279.14060881076,468400.69589648047,0.95,1024,
h2c,binary-lambda.122-gls/mode=indep,,slope,1294030.003602778,1290618.713323238,1297606.6893510032,0.95,1024,
h2c,"binary-lambda.122/mode=batch,n=1024",,slope,498473.2174035762,497662.7807893451,499365.5078055878,0.95,1024,
h2c,binary-lambda.122/mode=indep,,slope,1297758.214851485,1295999.7955576975,1299427.750602261,0.95,1024,
h2c,"binary-lambda.127/mode=batch,n=1024",,slope,355617.47849367023,353746.9579014882,357477.43736130494,0.95,1024,
h2c,binary-lambda.127/mode=indep,,slope,1331556.03689966,1325039.335361886,1338179.322242515,0.95,1024,
h2c,"binary-u.109/mode=batch,n=1024",,slope,948963.9917496674,948028.218738647,949952.2302968862,0.95,1024,
h2c,binary-u.109/mode=indep,,mean,9299413.895000003,9286422.60566667,9313467.061333332,0.95,1024,
h2c,"binary-u.122-gls/mode=batch,n=1024",,slope,524945.6828742427,523060.1191202364,527268.148516543,0.95,1024,
h2c,binary-u.122-gls/mode=indep,,slope,1341577.1227900104,1338870.9118401574,1344632.6773833472,0.95,1024,
h2c,"binary-u.122/mode=batch,n=1024",,slope,567876.9049741392,562698.7531668877,573688.2192339636,0.95,1024,
h2c,binary-u.122/mode=indep,,slope,1413934.814316536,1396285.4925540322,1431454.2716983554,0.95,1024,
h2c,"binary-u.127/mode=batch,n=1024",,slope,462517.85188414366,461138.4844853035,463968.7662773575,0.95,1024,
h2c,binary-u.127/mode=indep,,slope,1543176.139766514,1536475.082940698,1549780.0498859265,0.95,1024,
h2c,"binary-w.109/mode=batch,n=1024",,slope,824732.1245308113,823029.8220003174,826667.8371693583,0.95,1024,
h2c,binary-w.109/mode=indep,,mean,9194318.105,9173624.653375005,9217455.378333332,0.95,1024,
h2c,"binary-w.122-gls/mode=batch,n=1024",,slope,454254.54943401803,452328.0178841731,456415.9937048644,0.95,1024,
h2c,binary-w.122-gls/mode=indep,,slope,1271674.3089966013,1269382.590525419,1274156.014877581,0.95,1024,
h2c,"binary-w.122/mode=batch,n=1024",,slope,469343.98895325355,468292.57171715837,470598.9221880406,0.95,1024,
h2c,binary-w.122/mode=indep,,slope,1269655.1912368848,1267598.3804759553,1271886.337362273,0.95,1024,
h2c,"binary-w.127/mode=batch,n=1024",,slope,400024.657064184,398072.2774773992,402220.6463275042,0.95,1024,
h2c,binary-w.127/mode=indep,,slope,1444902.0527501109,1436642.8246933059,1453606.3003919732,0.95,1024,
h2c,"binary.109/mode=batch,n=1024",,slope,833823.3149608393,832556.172977751,835320.5373651633,0.95,1024,
h2c,binary.109/mode=indep,,mean,9321550.038333332,9308474.52804167,9335453.92654167,0.95,1024,
h2c,"binary.122-gls/mode=batch,n=1024",,slope,467200.5535835673,465705.0662201528,468913.33293049,0.95,1024,
h2c,binary.122-gls/mode=indep,,slope,1298039.285148515,1295797.138965739,1300563.5538856795,0.95,1024,
h2c,"binary.122/mode=batch,n=1024",,slope,499828.75811290083,499016.9427078896,500772.013283663,0.95,1024,
h2c,binary.122/mode=indep,,slope,1296816.1176828728,1295660.4399451101,1298077.1225885148,0.95,1024,
h2c,"binary.127/mode=batch,n=1024",,slope,354904.70029653714,353177.52419067756,356721.1674438628,0.95,1024,
h2c,binary.127/mode=indep,,slope,1325935.217410965,1317434.924232825,1335477.421974566,0.95,1024,
h2c,"edwards.127/mode=batch,n=1024",,slope,1283633.5601063988,1281509.8859727536,1286198.0818007484,0.95,1024,
h2c,"edwards.127/mode=batch,n=64",,slope,1287182.4027900104,1284155.0065736917,1290410.8264636989,0.95,1024,
h2c,"edwards.127/mode=batch,n=8",,slope,1295179.4880124133,1291012.207754983,1299673.4809005468,0.95,1024,
h2c,edwards.127/mode=indep,,slope,1277793.740301463,1276010.6986398492,1279873.0872384177,0.95,1024,
h2c,"weier-jacobian.127/mode=batch,n=1024",,slope,1249635.411641791,1247845.843940134,1251583.0913723104,0.95,1024,
h2c,"weier-jacobian.127/mode=batch,n=64",,slope,1256391.5710506872,1253013.9362266408,1260399.2482150982,0.95,1024,
h2c,"weier-jacobian.127/mode=batch,n=8",,slope,1256980.0736604107,1254020.3525458325,1260413.2153959812,0.95,1024,
h2c,weier-jacobian.127/mode=indep,,slope,1244864.1879296587,1243177.8963958977,1246744.9079496388,0.95,1024,
h2c,"weier.127/mode=batch,n=1024",,slope,1254791.186236146,1253130.2836901473,1256551.6616052552,0.95,1024,
h2c,"weier.127/mode=batch,n=64",,slope,1313323.206839072,1302829.8031333731,1325083.614948498,0.95,1024,
h2c,"weier.127/mode=batch,n=8",,slope,1257576.6713639721,1253793.8487900696,1261898.099039306,0.95,1024,
h2c,weier.127/mode=indep,,slope,1247728.8762937787,1245710.85140161,1249949.1467672132,0.95,1024,
h2c.id,"edwards.127/proj=fp127,h2c=elligator2,mode=batch,n=1024",,mean,2125181.122083334,2120136.3303125007,2130603.6524999994,0.95,1024,
h2c.id,"edwards.127/proj=fp127,h2c=ti,mode=batch,n=1024",,slope,1278439.9709147334,1274893.816553105,1282558.969074177,0.95,1024,
h2c.id,"edwards.127/proj=fp127,h2c=ti-addend,mode=batch,n=1024",,slope,1313256.784359391,1310236.8044096201,1316506.3661769046,0.95,1024,
h2c.id,"edwards.127/proj=fp130,h2c=elligator2,mode=batch,n=1024",,mean,2128436.2141666673,2123133.2327916673,2134109.164458333,0.95,1024,
h2c.id,"edwards.127/proj=fp130,h2c=ti,mode=batch,n=1024",,slope,1280889.0217880893,1277707.6272331092,1284208.2864512382,0.95,1024,
h2c.id,"edwards.127/proj=fp130,h2c=ti-addend,mode=batch,n=1024",,slope,1301714.2722535837,1297891.1641997513,1305981.850821741,0.95,1024,
h2c.id,"edwards.127/proj=gf2_127,h2c=elligator2,mode=batch,n=1024",,mean,2165678.2869565217,2161736.295086956,2170498.9329239135,0.95,1024,
h2c.id,"edwards.127/proj=gf2_127,h2c=ti,mode=batch,n=1024",,slope,1408512.56745382,1405175.8059248573,1412337.687141881,0.95,1024,
h2c.id,"edwards.127/proj=gf2_127,h2c=ti-addend,mode=batch,n=1024",,slope,1428113.855664253,1424194.5914850647,1432687.3849326775,0.95,1024,
h2c.id,"edwards.127/proj=none,h2c=elligator2,mode=batch,n=1024",,mean,2168223.457391305,2163956.263097828,2172846.5256847832,0.95,1024,
h2c.id,"edwards.127/proj=none,h2c=ti,mode=batch,n=1024",,slope,1338363.7008393675,1334994.8772327926,1342243.4202914238,0.95,1024,
h2c.id,"edwards.127/proj=none,h2c=ti-addend,mode=batch,n=1024",,slope,1357315.7220629526,1354417.7370663555,1360493.3031065497,0.95,1024,
h2c.id,"weier-jacobian.127/proj=fp127,h2c=sswu,mode=batch,n=1024",,slope,1265044.7334476134,1261823.827293231,1268878.405988216,0.95,1024,
h2c.id,"weier-jacobian.127/proj=fp127,h2c=ti,mode=batch,n=1024",,slope,1211915.50936013,1204725.4376186961,1220903.7438365754,0.95,1024,
h2c.id,"weier-jacobian.127/proj=fp130,h2c=sswu,mode=batch,n=1024",,slope,1279546.4084852962,1274167.8192349675,1285697.9928989552,0.95,1024,
h2c.id,"weier-jacobian.127/proj=fp130,h2c=ti,mode=batch,n=1024",,slope,1259487.8491975765,1256227.699584315,1263169.0923833174,0.95,1024,
h2c.id,"weier-jacobian.127/proj=gf2_127,h2c=sswu,mode=batch,n=1024",,slope,1324229.250338407,1319825.6808951087,1328980.4871245176,0.95,1024,
h2c.id,"weier-jacobian.127/proj=gf2_127,h2c=ti,mode=batch,n=1024",,slope,1371135.7841997931,1366295.613334984,1376564.7997119073,0.95,1024,
h2c.id,"weier-jacobian.127/proj=none,h2c=sswu,mode=batch,n=1024",,slope,1336694.8606354366,1334002.6266501632,1339682.3484747666,0.95,1024,
h2c.id,"weier-jacobian.127/proj=none,h2c=ti,mode=batch,n=1024",,slope,1230452.6812945176,1225923.7772487942,1235837.031510272,0.95,1024,
h2c.id,"weier.127/proj=fp127,h2c=sswu,mode=batch,n=1024",,slope,1267748.3943815576,1263991.8003823643,1271825.135315496,0.95,1024,
h2c.id,"weier.127/proj=fp127,h2c=ti,mode=batch,n=1024",,slope,1205095.5665346535,1201364.8114065558,1209520.8038062074,0.95,1024,
h2c.id,"weier.127/proj=fp130,h2c=sswu,mode=batch,n=1024",,slope,1275854.668234077,1271824.105789281,1280243.698951998,0.95,1024,
h2c.id,"weier.127/proj=fp130,h2c=ti,mode=batch,n=1024",,slope,1259143.7853967785,1256513.0744010764,1262331.8250000677,0.95,1024,
h2c.id,"weier.127/proj=gf2_127,h2c=sswu,mode=batch,n=1024",,slope,1321872.4914319492,1318304.2965668438,1325977.0955149967,0.95,1024,
h2c.id,"weier.127/proj=gf2_127,h2c=ti,mode=batch,n=1024",,slope,1369912.450657603,1365045.3877160496,1375341.9572304154,0.95,1024,
h2c.id,"weier.127/proj=none,h2c=sswu,mode=batch,n=1024",,slope,1340235.4736308556,1336979.6740126966,1343626.2627098325,0.95,1024,
h2c.id,"weier.127/proj=none,h2c=ti,mode=batch,n=1024",,slope,1237551.7086448944,1230903.4849010785,1245984.6767920614,0.95,1024,
hash_to_curve,edwards127/edwards-native try-and-increment,,slope,1331047.7109029111,1326860.5781722658,1335456.217745455,0.95,1024,
hash_to_curve,edwards127/elligator2 x1,,slope,1561170.0662804788,1554451.4545722303,1568164.7804583653,0.95,1024,
hash_to_curve,"gf2_109-lambda/pornin map x1 to (x, λ)",,mean,5210823.520999999,5195142.82315,5227778.45515,0.95,1024,
hash_to_curve,"gf2_109-lambda/pornin map x1 to (x, λ), batched",,slope,874224.380509827,871941.987239849,876715.3112676537,0.95,1024,
hash_to_curve,"gf2_109-lambda/try-and-increment to (x, λ)",,mean,9320951.053333333,9294674.335749999,9348579.569999998,0.95,1024,
hash_to_curve,"gf2_109-lambda/try-and-increment to (x, λ), batched",,slope,854053.9935141127,845721.6730940063,862344.9411088469,0.95,1024,
hash_to_curve,"gf2_109-u/pornin map x1 to (u, v)",,mean,5318675.967,5303985.810024999,5335542.295999996,0.95,1024,
hash_to_curve,"gf2_109-u/pornin map x1 to (u, v), batched",,slope,1009230.2074153982,1006696.4676702326,1012127.9200145578,0.95,1024,
hash_to_curve,"gf2_109-w/pornin map x1 to (x, λ)",,mean,5235462.808000001,5203863.946300001,5273967.195950001,0.95,1024,
hash_to_curve,"gf2_109-w/pornin map x1 to (x, λ), batched",,slope,872623.7242633367,870541.9388142916,875032.1442933863,0.95,1024,
hash_to_curve,gf2_109/pornin map x1,,mean,5392113.962,5376820.022600002,5408627.769275002,0.95,1024,
hash_to_curve,"gf2_109/pornin map x1, batched",,slope,1076350.378099601,1073415.7626194642,1079624.1547345498,0.95,1024,
hash_to_curve,"gf2_122-gls-lambda/pornin map x1 to (x, λ)",,slope,964039.2652194473,959680.9220320602,968583.2020723049,0.95,1024,
hash_to_curve,"gf2_122-gls-lambda/pornin map x1 to (x, λ), batched",,slope,517143.68695285945,513976.6202302913,520398.24724255595,0.95,1024,
hash_to_curve,"gf2_122-gls-lambda/try-and-increment to (x, λ)",,slope,1324901.322139796,1318563.6055761965,1331235.4952911553,0.95,1024,
hash_to_curve,"gf2_122-gls-lambda/try-and-increment to (x, λ), batched",,slope,479219.7247219349,475808.7777453055,482824.01079771924,0.95,1024,
hash_to_curve,"gf2_122-gls-u/pornin map x1 to (u, v)",,slope,1036920.362207773,1032131.200753065,1042272.947577657,0.95,1024,
hash_to_curve,"gf2_122-gls-u/pornin map x1 to (u, v), batched",,slope,594215.3542086597,591404.280393899,597121.6863135024,0.95,1024,
hash_to_curve,"gf2_122-gls-w/pornin map x1 to (x, λ)",,slope,971288.9336973549,966880.3100950614,975576.2133821812,0.95,1024,
hash_to_curve,"gf2_122-gls-w/pornin map x1 to (x, λ), batched",,slope,521199.8491887099,517211.9223664005,525932.9685079185,0.95,1024,
hash_to_curve,gf2_122-gls/pornin map x1,,slope,1044248.2865582976,1039258.7721130515,1049780.7040514452,0.95,1024,
hash_to_curve,"gf2_122-gls/pornin map x1, batched",,slope,613307.5182000886,609740.1703914457,617281.6770114171,0.95,1024,
hash_to_curve,"gf2_122-lambda/pornin map x1 to (x, λ)",,slope,947318.6677538052,946258.857889675,948437.9450757273,0.95,1024,
hash_to_curve,"gf2_122-lambda/pornin map x1 to (x, λ), batched",,slope,509915.26494753954,509323.40924924787,510551.36140771204,0.95,1024,
hash_to_curve,"gf2_122-lambda/try-and-increment to (x, λ)",,slope,1273720.601291562,1271902.13524686,1275886.827277447,0.95,1024,
hash_to_curve,"gf2_122-lambda/try-and-increment to (x, λ), batched",,slope,496196.95370326587,495562.24647299177,496942.63860470796,0.95,1024,
hash_to_curve,"gf2_122-u/pornin map x1 to (u, v)",,slope,1028871.0385133737,1026649.9237394076,1031460.3817578402,0.95,1024,
hash_to_curve,"gf2_122-u/pornin map x1 to (u, v), batched",,slope,599097.9973887986,597811.3815724624,600570.5109561414,0.95,1024,
hash_to_curve,"gf2_122-w/pornin map x1 to (x, λ)",,slope,951333.7623038274,946868.0050155311,957331.8827295534,0.95,1024,
hash_to_curve,"gf2_122-w/pornin map x1 to (x, λ), batched",,slope,512952.269618738,511956.781331209,514010.7907152316,0.95,1024,
hash_to_curve,gf2_122/pornin map x1,,slope,1109172.5644185015,1100178.6141614153,1118251.8358641863,0.95,1024,
hash_to_curve,"gf2_122/pornin map x1, batched",,slope,637818.6742337816,636689.2966290086,639161.2267351681,0.95,1024,
hash_to_curve,"gf2_127-lambda/pornin map x1 to (x, λ)",,slope,910646.0177035613,906303.0124686398,915258.3755555889,0.95,1024,
hash_to_curve,"gf2_127-lambda/pornin map x1 to (x, λ), batched",,slope,373761.93465050985,372139.1897492983,375500.92091318674,0.95,1024,
hash_to_curve,"gf2_127-lambda/try-and-increment to (x, λ)",,slope,1287722.5858755726,1279750.7392018046,1296448.9842982984,0.95,1024,
hash_to_curve,"gf2_127-lambda/try-and-increment to (x, λ), batched",,slope,329416.0102054086,327854.7583645739,330989.6136038981,0.95,1024,
hash_to_curve,"gf2_127-u/pornin map x1 to (u, v)",,slope,961275.3410403428,956556.7171517293,966287.2648353517,0.95,1024,
hash_to_curve,"gf2_127-u/pornin map x1 to (u, v), batched",,slope,436592.5252086104,434921.60146628437,438350.21021299023,0.95,1024,
hash_to_curve,"gf2_127-w/pornin map x1 to (x, λ)",,slope,913902.9913196394,909916.0119576728,918065.9368887829,0.95,1024,
hash_to_curve,"gf2_127-w/pornin map x1 to (x, λ), batched",,slope,368925.40804689424,366796.9624090572,371252.1469299778,0.95,1024,
hash_to_curve,gf2_127/pornin map x1,,slope,988810.8389507906,980627.7401359952,997525.0670807008,0.95,1024,
hash_to_curve,"gf2_127/pornin map x1, batched",,slope,465058.23704251024,462815.3623407387,467467.3324479606,0.95,1024,
hash_to_curve,gf2_127/pornin map x2,,mean,2300068.1786956517,2287079.4920108696,2315393.7597282594,0.95,1024,
hash_to_curve,weier127/sswu x1,,slope,1358473.4328387764,1352608.6383589893,1364613.538900019,0.95,1024,
negate,"edwards127/extended (-X, -T)",,slope,2468.1125894561847,2452.0974882845458,2486.364350059385,0.95,1024,
negate,gf2_109/affine (y += x),,slope,642.9426240964442,639.9605697236601,646.219634291026,0.95,1024,
negate,gf2_122/affine (y += x),,slope,647.6653197560869,643.9891422658764,651.791886108021,0.95,1024,
negate,gf2_127/affine (y += x),,slope,644.1701469297496,639.6006917360506,649.3540180428087,0.95,1024,
negate,weier127/projective (-Y),,slope,1418.9430654638938,1413.4823730870346,1424.8162878468702,0.95,1024,
riblt.cells,binary-lambda.109,"m=1350,n=3500",mean,25438034.42,25404395.416625,25472616.249500003,0.95,3500,
riblt.cells,binary-lambda.122,"m=1350,n=3500",mean,15195586.2575,15175322.1824375,15218284.776124999,0.95,3500,
riblt.cells,binary-lambda.122-gls,"m=1350,n=3500",mean,15014156.09,14995196.0769375,15034897.3473125,0.95,3500,
riblt.cells,binary-lambda.127,"m=1350,n=3500",mean,11800411.883999998,11784847.128700003,11817359.73045,0.95,3500,
riblt.cells,binary-u.109,"m=1350,n=3500",mean,23507949.74999999,23473986.65,23547117.651166663,0.95,3500,
riblt.cells,binary-u.122,"m=1350,n=3500",mean,13655932.35,13637854.2919375,13675819.6124375,0.95,3500,
riblt.cells,binary-u.122-gls,"m=1350,n=3500",mean,13785558.4925,13766607.9565625,13806325.0425625,0.95,3500,
riblt.cells,binary-u.127,"m=1350,n=3500",mean,11140323.954000002,11123478.47495,11159274.493500007,0.95,3500,
riblt.cells,binary-w.109,"m=1350,n=3500",mean,25550583.315,25510329.370249998,25593401.689625002,0.95,3500,
riblt.cells,binary-w.122,"m=1350,n=3500",mean,15111349.52,15086471.090812499,15138826.283625,0.95,3500,
riblt.cells,binary-w.122-gls,"m=1350,n=3500",mean,15218709.4675,15201677.985875001,15236993.064375,0.95,3500,
riblt.cells,binary-w.127,"m=1350,n=3500",mean,11811842.509999992,11799386.22335,11825156.859649997,0.95,3500,
riblt.cells,binary.109,"m=1350,n=3500",mean,32157962.485,32086051.217625,32241989.541625,0.95,3500,
riblt.cells,binary.122,"m=1350,n=3500",mean,19139408.80000001,19109831.203750007,19173731.882416677,0.95,3500,
riblt.cells,binary.122-gls,"m=1350,n=3500",mean,18162351.89333333,18138388.65375001,18188639.972916666,0.95,3500,
riblt.cells,binary.127,"m=1350,n=3500",mean,15089189.7875,15067811.081375,15112919.4150625,0.95,3500,
riblt.cells,edwards.127,"m=12150,n=3500",mean,2520508.38,2517019.0513625015,2524275.5337499995,0.95,3500,
riblt.cells,edwards.127,"m=1350,n=3500",slope,1891614.790190631,1889086.5588095975,1894389.8614258948,0.95,3500,
riblt.cells,edwards.127,"m=150,n=3500",slope,1363461.2242116153,1360484.0682216377,1366877.5670740206,0.95,3500,
riblt.cells,edwards.127,"m=20,n=3500",slope,907390.8459982267,903556.4869156793,912651.675312921,0.95,3500,
riblt.cells,edwards.127,"m=5,n=3500",slope,597543.929329097,596651.4899788981,598503.2649053823,0.95,3500,
riblt.cells,weier-jacobian.127,"m=12150,n=3500",mean,3391892.797999999,3387993.4593333346,3396224.5132499994,0.95,3500,
riblt.cells,weier-jacobian.127,"m=1350,n=3500",mean,2760029.0489473687,2755632.1271842117,2765409.201144737,0.95,3500,
riblt.cells,weier-jacobian.127,"m=150,n=3500",mean,1984420.2853846157,1981348.5905480774,1987967.9028076923,0.95,3500,
riblt.cells,weier-jacobian.127,"m=20,n=3500",slope,1259324.1070430027,1257295.11636077,1262078.1500109266,0.95,3500,
riblt.cells,weier-jacobian.127,"m=5,n=3500",slope,789603.1441805823,788242.9132065867,791206.9337277728,0.95,3500,
riblt.cells,weier.127,"m=12150,n=3500",mean,4401206.403333332,4394794.11,4408348.827,0.95,3500,
riblt.cells,weier.127,"m=1350,n=3500",mean,3321840.8620000007,3317353.274683333,3326773.9775833352,0.95,3500,
riblt.cells,weier.127,"m=5,n=3500",slope,909289.2642441259,903698.5247257808,915397.7490480654,0.95,3500,
riblt.cells,xor-sha256.64,"m=1350,n=3500",slope,696700.3876769617,693720.8263748729,699991.3584129127,0.95,3500,
riblt.cells,xor-siphash.64,"m=1350,n=3500",slope,708218.3649992611,705681.2995454122,711100.9327213805,0.95,3500,
riblt.encode,binary-lambda.109,"m=1350,n=3500,h2c=ti-addend",mean,28399476.2,28321639.217625,28484557.928875,0.95,3500,
riblt.encode,binary-lambda.122,"m=1350,n=3500,h2c=ti-addend",mean,17088501.56,17036891.48100001,17145637.84800001,0.95,3500,
riblt.encode,binary-lambda.122-gls,"m=1350,n=3500,h2c=ti-addend",mean,16525726.81,16509266.440875,16543981.5563125,0.95,3500,
riblt.encode,binary-lambda.127,"m=1350,n=3500,h2c=ti-addend",mean,12958934.25,12933269.3075,12988461.062625,0.95,3500,
riblt.encode,binary-u.109,"m=1350,n=3500,h2c=ti",mean,26915387.95,26837943.48475,27000451.706875,0.95,3500,
riblt.encode,binary-u.122,"m=1350,n=3500,h2c=ti",mean,15570444.375,15554655.4738125,15587680.4568125,0.95,3500,
riblt.encode,binary-u.122-gls,"m=1350,n=3500,h2c=ti",mean,15609782.695,15590573.435250001,15632525.021062499,0.95,3500,
riblt.encode,binary-u.127,"m=1350,n=3500,h2c=pornin-addend",mean,12591951.56,12572452.7209375,12613291.34,0.95,3500,
riblt.encode,binary-w.109,"m=1350,n=3500,h2c=ti",mean,28484737.7,28414924.840749998,28563810.987625003,0.95,3500,
riblt.encode,binary-w.122,"m=1350,n=3500,h2c=ti",mean,16791109.179999996,16740599.226583336,16852428.50416667,0.95,3500,
riblt.encode,binary-w.122-gls,"m=1350,n=3500,h2c=ti",mean,16776551.870000005,16756672.453666661,16798071.569666658,0.95,3500,
riblt.encode,binary-w.127,"m=1350,n=3500,h2c=pornin-addend",mean,13122728.3825,13099594.923687499,13147207.3553125,0.95,3500,
riblt.encode,binary.109,"m=1350,n=3500,h2c=ti",mean,35539518.32,35451620.808249995,35636000.048625,0.95,3500,
riblt.encode,binary.122,"m=1350,n=3500,h2c=ti",mean,21396472.603333324,21335625.501249988,21462392.33749999,0.95,3500,
riblt.encode,binary.122-gls,"m=1350,n=3500,h2c=ti",mean,19865262.119999997,19835499.156500008,19899010.66933334,0.95,3500,
riblt.encode,binary.127,"m=12150,n=3500,h2c=ti,map=mcg64",mean,21768533.113333326,21731239.41708333,21813199.109333336,0.95,3500,
riblt.encode,binary.127,"m=1350,n=3500,h2c=ti",mean,16540763.945,16518273.2475,16564067.628375001,0.95,3500,
riblt.encode,binary.127,"m=1350,n=3500,h2c=ti,map=mcg64",mean,16646180.863333339,16624868.121250004,16670325.937416667,0.95,3500,
riblt.encode,binary.127,"m=150,n=3500,h2c=ti,map=mcg64",mean,11752096.267999997,11737502.025649993,11767305.249999994,0.95,3500,
riblt.encode,binary.127,"m=20,n=3500,h2c=ti,map=mcg64",mean,7489469.835714286,7481022.5080357175,7498432.930535715,0.95,3500,
riblt.encode,binary.127,"m=5,n=3500,h2c=ti,map=mcg64",mean,4807964.726363637,4798555.999477274,4819068.924909092,0.95,3500,
riblt.encode,edwards.127,"m=12150,n=3500,h2c=ti",mean,7222229.978571428,7204535.0349285705,7240930.501714285,0.95,3500,
riblt.encode,edwards.127,"m=12150,n=3500,h2c=ti,proj=fp127,mapproj=fp127",mean,6843099.5475,6819448.8338750005,6868492.73375,0.95,3500,
riblt.encode,edwards.127,"m=1350,n=3500,h2c=ti",mean,6579585.7325,6556790.74353125,6606315.1230625,0.95,3500,
riblt.encode,edwards.127,"m=1350,n=3500,h2c=ti,proj=fp127,mapproj=fp127",mean,6327619.384444443,6284302.509555557,6373661.227083335,0.95,3500,
riblt.encode,edwards.127,"m=150,n=3500,h2c=ti",mean,6186390.56625,6140694.315812499,6234815.879656251,0.95,3500,
riblt.encode,edwards.127,"m=20,n=3500,h2c=ti",mean,5593310.971999999,5548394.918400001,5641761.012575004,0.95,3500,
riblt.encode,edwards.127,"m=5,n=3500,h2c=ti",mean,5156004.740000001,5142115.544275004,5171723.566675004,0.95,3500,
riblt.encode,edwards.127,"m=5,n=3500,h2c=ti,proj=fp127,mapproj=fp127",mean,4804680.188181817,4792586.184545454,4817573.858090908,0.95,3500,
riblt.encode,weier-jacobian.127,"m=12150,n=3500,h2c=ti",mean,7822696.630000001,7807313.025821426,7839318.695214289,0.95,3500,
riblt.encode,weier-jacobian.127,"m=12150,n=3500,h2c=ti,proj=fp127,mapproj=fp127",mean,7406004.2,7389818.508214288,7423628.320678564,0.95,3500,
riblt.encode,weier-jacobian.127,"m=1350,n=3500,h2c=ti",mean,7122054.055714284,7105552.708892859,7139522.456678575,0.95,3500,
riblt.encode,weier-jacobian.127,"m=1350,n=3500,h2c=ti,proj=fp127,mapproj=fp127",mean,6762827.59625,6748181.7885937495,6778169.2229375,0.95,3500,
riblt.encode,weier-jacobian.127,"m=150,n=3500,h2c=ti",mean,6385047.66625,6371498.0811250005,6399323.7468125,0.95,3500,
riblt.encode,weier-jacobian.127,"m=20,n=3500,h2c=ti",mean,5594074.865555554,5581664.445722227,5607347.11155556,0.95,3500,
riblt.encode,weier-jacobian.127,"m=5,n=3500,h2c=ti",mean,5113383.017999999,5101634.307275,5126043.111000001,0.95,3500,
riblt.encode,weier-jacobian.127,"m=5,n=3500,h2c=ti,proj=fp127,mapproj=fp127",mean,4711223.25909091,4699612.466636363,4724033.119499999,0.95,3500,
riblt.encode,weier.127,"m=12150,n=3500,h2c=ti",mean,8948266.659999998,8895863.829958335,9008086.402916668,0.95,3500,
riblt.encode,weier.127,"m=12150,n=3500,h2c=ti,proj=fp127,mapproj=fp127",mean,8555863.333333336,8536524.795666667,8576202.688166669,0.95,3500,
riblt.encode,weier.127,"m=1350,n=3500,h2c=ti",mean,7825082.797142855,7796853.686071427,7857362.355714282,0.95,3500,
riblt.encode,weier.127,"m=1350,n=3500,h2c=ti,proj=fp127,mapproj=fp127",mean,7429669.524285715,7411633.967214288,7448173.126571429,0.95,3500,
riblt.encode,weier.127,"m=5,n=3500,h2c=ti",mean,5353314.545000003,5334274.707975001,5373031.247175002,0.95,3500,
riblt.encode,weier.127,"m=5,n=3500,h2c=ti,proj=fp127,mapproj=fp127",mean,4872576.1390909115,4858760.011000002,4887748.53868182,0.95,3500,
riblt.encode,xor-sha256.64,"m=12150,n=3500",slope,1053015.4062450125,1050420.590409847,1056228.144627318,0.95,3500,
riblt.encode,xor-sha256.64,"m=1350,n=3500",slope,878918.046881927,877185.315935415,880941.3079803862,0.95,3500,
riblt.encode,xor-sha256.64,"m=150,n=3500",slope,745956.5732126497,744203.2385249924,748052.9910843796,0.95,3500,
riblt.encode,xor-sha256.64,"m=20,n=3500",slope,615438.5703517068,613720.733233527,617601.0048024418,0.95,3500,
riblt.encode,xor-sha256.64,"m=5,n=3500",slope,512202.5855430767,510692.2355588219,514137.88289324305,0.95,3500,
riblt.encode,xor-siphash.64,"m=12150,n=3500",slope,942220.3465494311,940554.3841748956,944163.9887160027,0.95,3500,
riblt.encode,xor-siphash.64,"m=12150,n=3500,map=mcg64",slope,914955.8712797399,913312.2464077156,916730.113058539,0.95,3500,
riblt.encode,xor-siphash.64,"m=1350,n=3500",slope,772462.2807610462,770623.9067535276,774471.8384753948,0.95,3500,
riblt.encode,xor-siphash.64,"m=1350,n=3500,map=mcg64",slope,751688.4633367815,750172.7022974984,753539.6758644618,0.95,3500,
riblt.encode,xor-siphash.64,"m=150,n=3500",slope,635238.8704669721,633180.3345623487,637794.6823872895,0.95,3500,
riblt.encode,xor-siphash.64,"m=150,n=3500,map=mcg64",slope,628201.6353391459,626880.0822242514,629595.0674862271,0.95,3500,
riblt.encode,xor-siphash.64,"m=20,n=3500",slope,495377.42198758683,493337.4867390387,497956.29720986274,0.95,3500,
riblt.encode,xor-siphash.64,"m=20,n=3500,map=mcg64",slope,487463.23389882274,486676.42919506994,488329.1134472585,0.95,3500,
riblt.encode,xor-siphash.64,"m=5,n=3500",slope,390703.14662725973,389469.1828938773,392189.41060571105,0.95,3500,
riblt.encode,xor-siphash.64,"m=5,n=3500,map=mcg64",slope,380047.4579567509,379478.6053818692,380710.6515398721,0.95,3500,
riblt.mapping,chacha8,"item,m=12150",slope,1012413.2000443328,1011204.8136509057,1013724.2441507134,0.95,3500,
riblt.mapping,chacha8,"item,m=1350",slope,853713.4329303976,852652.3118562287,854910.368826069,0.95,3500,
riblt.mapping,chacha8,"item,m=150",slope,686816.8291133442,685916.4308038444,687829.2435773254,0.95,3500,
riblt.mapping,chacha8,"item,m=20",slope,524552.571986109,523312.3806760918,526291.7338952109,0.95,3500,
riblt.mapping,chacha8,"item,m=5",slope,406821.0346564209,406065.31513762206,407649.390676134,0.95,3500,
riblt.mapping,chacha8,next,slope,9916.641284054973,9902.262124318511,9933.255374647384,0.95,1024,
riblt.mapping,mcg64,"item,m=12150",slope,660165.2994798286,658951.7433351476,661520.5765090117,0.95,3500,
riblt.mapping,mcg64,"item,m=1350",slope,520999.3690616226,520352.70689474297,521697.96133311896,0.95,3500,
riblt.mapping,mcg64,"item,m=150",slope,370122.6610935422,369546.1689049647,370773.88088240183,0.95,3500,
riblt.mapping,mcg64,"item,m=20",slope,217817.03776740062,217437.1650681616,218266.28501975516,0.95,3500,
riblt.mapping,mcg64,"item,m=5",slope,98720.48357698457,98347.8182509618,99174.15493983333,0.95,3500,
riblt.mapping,mcg64,next,slope,4421.952313219382,4414.796676523739,4429.846710974673,0.95,1024,
riblt.mapping,projection-fp127,digest of id,slope,49088.54046739429,48897.0750072803,49262.646088058136,0.95,3500,
riblt.mapping,projection-fp127,keys,slope,373.614294501417,373.0875266462492,374.20098932190257,0.95,1,
riblt.mapping,projection-fp130,digest of id,slope,91493.43868130096,91318.61354291839,91701.05311035633,0.95,3500,
riblt.mapping,projection-fp130,keys,slope,387.59286473363613,387.0754449757888,388.13638140266136,0.95,1,
riblt.mapping,projection-gf2_127,digest of id,slope,399602.23117580416,399126.51347279665,400106.85570316215,0.95,3500,
riblt.mapping,projection-gf2_127,keys,slope,473.34488663740206,472.77000099485076,473.99562676451836,0.95,1,
riblt.mapping,salted-sha256,digest,slope,177828.6460785183,177279.54786396574,178407.92165089594,0.95,3500,
riblt.mapping,salted-sha256,digest of id,slope,175685.0666252894,175405.71424955217,175985.06969481867,0.95,3500,
riblt.mapping,salted-sha256,keys,slope,118.91234573881681,118.63118152490007,119.22416846888729,0.95,1,
riblt.mapping,sha256,id,slope,189582.3502019605,186420.19026244606,193238.96016035267,0.95,3500,
riblt.mapping,sha256-ctr,"item,m=12150",slope,1534993.950769913,1532857.81112426,1537375.3095913003,0.95,3500,
riblt.mapping,sha256-ctr,"item,m=1350",slope,1195501.3525254913,1192340.9465900825,1198775.0295177314,0.95,3500,
riblt.mapping,sha256-ctr,"item,m=150",slope,840732.3505970149,839130.7628978656,842565.628757615,0.95,3500,
riblt.mapping,sha256-ctr,"item,m=20",slope,513769.68685089407,512660.52192867524,515040.90433183394,0.95,3500,
riblt.mapping,sha256-ctr,"item,m=5",slope,284045.78561031475,283568.55116114416,284537.55866672884,0.95,3500,
riblt.mapping,sha256-ctr,next,slope,20450.803831438887,20414.71327705709,20492.294499565352,0.95,1024,
riblt.mapping,xoshiro256pp,"item,m=12150",slope,665089.2941111275,664357.1667553836,665855.6709155438,0.95,3500,
riblt.mapping,xoshiro256pp,"item,m=1350",slope,512530.24995862273,511750.35858741653,513349.11419959815,0.95,3500,
riblt.mapping,xoshiro256pp,"item,m=150",slope,366526.91214422934,366053.52752970956,367037.57948889275,0.95,3500,
riblt.mapping,xoshiro256pp,"item,m=20",slope,208873.33949105957,208420.2630297312,209387.65090344832,0.95,3500,
riblt.mapping,xoshiro256pp,"item,m=5",slope,100994.30496320379,100763.04231663763,101256.1878582976,0.95,3500,
riblt.mapping,xoshiro256pp,next,slope,4917.576848048806,4909.823111422496,4926.2210094079,0.95,1024,
riblt.peel,binary-lambda.109,"d=1350,m=2700,prefilter=true,batch=true,h2c=ti-addend",mean,12949661.5125,12934955.9119375,12965598.79275,0.95,1350,
riblt.peel,binary-lambda.122,"d=1350,m=2700,prefilter=true,batch=true,h2c=ti-addend",mean,8222057.227142859,8211923.149750002,8233220.581964286,0.95,1350,
riblt.peel,binary-lambda.122-gls,"d=1350,m=2700,prefilter=true,batch=true,h2c=ti-addend",mean,8102633.6528571425,8092422.894892857,8114031.265142855,0.95,1350,
riblt.peel,binary-lambda.127,"d=1350,m=2700,prefilter=true,batch=true,h2c=ti-addend",mean,6621479.175,6611578.89625,6632504.968125,0.95,1350,
riblt.peel,binary-u.109,"d=1350,m=2700,prefilter=true,batch=true,h2c=ti",mean,13124907.2,13108925.8275,13142733.5336875,0.95,1350,
riblt.peel,binary-u.122,"d=1350,m=2700,prefilter=true,batch=true,h2c=ti",mean,8099488.402857142,8086252.4261428565,8114665.884500003,0.95,1350,
riblt.peel,binary-u.122-gls,"d=1350,m=2700,prefilter=true,batch=true,h2c=ti",mean,8074653.924285711,8066804.936857139,8083481.219178575,0.95,1350,
riblt.peel,binary-u.127,"d=1350,m=2700,prefilter=true,batch=true,h2c=pornin-addend",mean,6849222.94625,6801984.68915625,6914063.95021875,0.95,1350,
riblt.peel,binary-w.109,"d=1350,m=2700,prefilter=true,batch=true,h2c=ti",mean,13034980.2675,13015089.365,13057180.600562502,0.95,1350,
riblt.peel,binary-w.122,"d=1350,m=2700,prefilter=true,batch=true,h2c=ti",mean,8153153.812857143,8128761.8452499965,8187736.116285714,0.95,1350,
riblt.peel,binary-w.122-gls,"d=1350,m=2700,prefilter=true,batch=true,h2c=ti",mean,8173461.565714286,8162042.367821425,8186224.7076785695,0.95,1350,
riblt.peel,binary-w.127,"d=1350,m=2700,prefilter=true,batch=true,h2c=pornin-addend",mean,6653861.17125,6646087.800875,6662120.15571875,0.95,1350,
riblt.peel,binary.109,"d=1350,m=2700,prefilter=true,batch=true,h2c=ti",mean,16766107.973333336,16742287.749250008,16791961.254083335,0.95,1350,
riblt.peel,binary.122,"d=1350,m=2700,prefilter=true,batch=true,h2c=ti",mean,10471841.444,10455598.339250002,10490670.989999998,0.95,1350,
riblt.peel,binary.122-gls,"d=1350,m=2700,prefilter=true,batch=true,h2c=ti",mean,9928142.449999996,9914375.117000002,9943309.426650003,0.95,1350,
riblt.peel,binary.127,"d=1350,m=2700,prefilter=true,batch=true,h2c=ti",mean,8438401.821666665,8427025.506125,8450394.64058333,0.95,1350,
riblt.peel,edwards.127,"d=10000,m=20000,prefilter=false,batch=false,h2c=ti",mean,47495936.88,47409209.325375,47588594.954375,0.95,10000,
riblt.peel,edwards.127,"d=10000,m=20000,prefilter=false,batch=true,h2c=ti",mean,37848063.205,37809129.456,37890128.582624994,0.95,10000,
riblt.peel,edwards.127,"d=10000,m=20000,prefilter=true,batch=false,h2c=ti",mean,37625818.04,37567922.50625,37690935.584,0.95,10000,
riblt.peel,edwards.127,"d=10000,m=20000,prefilter=true,batch=true,h2c=ti",mean,32003011.495,31969666.73875,32038265.786375,0.95,10000,
riblt.peel,edwards.127,"d=10000,m=20000,prefilter=true,batch=true,h2c=ti,proj=fp127,mapproj=fp127",mean,29702969.965,29670548.46175,29736564.6725,0.95,10000,
riblt.peel,edwards.127,"d=1350,m=2700,prefilter=false,batch=false,h2c=ti",mean,5929842.7055555545,5924226.618972224,5935920.095555556,0.95,1350,
riblt.peel,edwards.127,"d=1350,m=2700,prefilter=false,batch=true,h2c=ti",mean,4624772.884545453,4618149.865636364,4632231.796204545,0.95,1350,
riblt.peel,edwards.127,"d=1350,m=2700,prefilter=true,batch=false,h2c=ti",mean,4617100.615454543,4609114.66827273,4626281.620249999,0.95,1350,
riblt.peel,edwards.127,"d=1350,m=2700,prefilter=true,batch=true,h2c=ti",mean,3854390.089230769,3850035.86251923,3859257.181250001,0.95,1350,
riblt.peel,edwards.127,"d=1350,m=2700,prefilter=true,batch=true,h2c=ti,proj=fp127,mapproj=fp127",mean,3518721.3057142873,3512522.7561607123,3525630.6728749983,0.95,1350,
riblt.peel,edwards.127,"d=150,m=300,prefilter=false,batch=false,h2c=ti",slope,643951.4423333826,643167.2670546146,644779.3518707985,0.95,150,
riblt.peel,edwards.127,"d=150,m=300,prefilter=false,batch=true,h2c=ti",slope,498441.3187202601,497585.17890419293,499343.6875644289,0.95,150,
riblt.peel,edwards.127,"d=150,m=300,prefilter=true,batch=false,h2c=ti",slope,460684.0513945126,460312.54164883355,461082.93453945185,0.95,150,
riblt.peel,edwards.127,"d=150,m=300,prefilter=true,batch=true,h2c=ti",slope,379848.1592295946,379331.58420669753,380413.96520646906,0.95,150,
riblt.peel,edwards.127,"d=20,m=40,prefilter=false,batch=false,h2c=ti",slope,64506.49169702231,64427.659818323824,64597.00190612514,0.95,20,
riblt.peel,edwards.127,"d=20,m=40,prefilter=false,batch=true,h2c=ti",slope,49260.862748337524,49181.172091678665,49352.85867990172,0.95,20,
riblt.peel,edwards.127,"d=20,m=40,prefilter=true,batch=false,h2c=ti",slope,51999.64370373251,51896.91981129887,52094.49834322221,0.95,20,
riblt.peel,edwards.127,"d=20,m=40,prefilter=true,batch=true,h2c=ti",slope,42997.27430342905,42926.44635447054,43074.56621090902,0.95,20,
riblt.peel,edwards.127,"d=4,m=8,prefilter=false,batch=false,h2c=ti",slope,8123.178295378689,8109.222758298903,8139.447780150793,0.95,4,
riblt.peel,edwards.127,"d=4,m=8,prefilter=false,batch=true,h2c=ti",slope,7159.9804664609655,7138.4402821203375,7186.744320449318,0.95,4,
riblt.peel,edwards.127,"d=4,m=8,prefilter=true,batch=false,h2c=ti",slope,8460.737667725727,8452.030090628705,8470.053584128784,0.95,4,
riblt.peel,edwards.127,"d=4,m=8,prefilter=true,batch=true,h2c=ti",slope,7472.150948151579,7456.017099285404,7490.752919970143,0.95,4,
riblt.peel,edwards.127,"d=4,m=8,prefilter=true,batch=true,h2c=ti,proj=fp127,mapproj=fp127",slope,5791.226644676195,5782.480679132983,5800.079076110872,0.95,4,
riblt.peel,weier-jacobian.127,"d=10000,m=20000,prefilter=false,batch=false,h2c=ti",mean,39990990.435,39948226.172625,40036366.645375,0.95,10000,
riblt.peel,weier-jacobian.127,"d=10000,m=20000,prefilter=false,batch=true,h2c=ti",mean,40101663.425,40048914.082624994,40160089.015625,0.95,10000,
riblt.peel,weier-jacobian.127,"d=10000,m=20000,prefilter=true,batch=false,h2c=ti",mean,34591135.36,34549987.475,34634961.073625,0.95,10000,
riblt.peel,weier-jacobian.127,"d=10000,m=20000,prefilter=true,batch=true,h2c=ti",mean,35091439.42,34903800.890875,35296546.1825,0.95,10000,
riblt.peel,weier-jacobian.127,"d=10000,m=20000,prefilter=true,batch=true,h2c=ti,proj=fp127,mapproj=fp127",mean,32606947.68,32548294.042999998,32671793.041125,0.95,10000,
riblt.peel,weier-jacobian.127,"d=1350,m=2700,prefilter=false,batch=false,h2c=ti",mean,4821938.603636365,4815785.437227273,4828401.785886364,0.95,1350,
riblt.peel,weier-jacobian.127,"d=1350,m=2700,prefilter=false,batch=true,h2c=ti",mean,4861370.465454545,4854506.748545455,4868567.108704547,0.95,1350,
riblt.peel,weier-jacobian.127,"d=1350,m=2700,prefilter=true,batch=false,h2c=ti",mean,4065838.48076923,4059121.364115384,4073313.7929999996,0.95,1350,
riblt.peel,weier-jacobian.127,"d=1350,m=2700,prefilter=true,batch=true,h2c=ti",mean,4072615.345384617,4067573.641557693,4078035.4300000016,0.95,1350,
riblt.peel,weier-jacobian.127,"d=1350,m=2700,prefilter=true,batch=true,h2c=ti,proj=fp127,mapproj=fp127",mean,3860454.1638461556,3855327.677903848,3866186.264596153,0.95,1350,
riblt.peel,weier-jacobian.127,"d=150,m=300,prefilter=false,batch=false,h2c=ti",slope,481726.3671099946,481188.7618345725,482302.9185105286,0.95,150,
riblt.peel,weier-jacobian.127,"d=150,m=300,prefilter=false,batch=true,h2c=ti",slope,485263.87776858284,484684.1688839165,485921.66498651024,0.95,150,
riblt.peel,weier-jacobian.127,"d=150,m=300,prefilter=true,batch=false,h2c=ti",slope,384354.40787448897,383881.16726943594,384861.59671128873,0.95,150,
riblt.peel,weier-jacobian.127,"d=150,m=300,prefilter=true,batch=true,h2c=ti",slope,383637.40056351904,383033.8027272824,384268.8995961324,0.95,150,
riblt.peel,weier-jacobian.127,"d=20,m=40,prefilter=false,batch=false,h2c=ti",slope,51278.99786704829,51207.784783630326,51351.83212401273,0.95,20,
riblt.peel,weier-jacobian.127,"d=20,m=40,prefilter=false,batch=true,h2c=ti",slope,51500.100017110904,51384.469549139605,51630.37213581024,0.95,20,
riblt.peel,weier-jacobian.127,"d=20,m=40,prefilter=true,batch=false,h2c=ti",slope,39861.114196778486,39798.55412376753,39932.201984172374,0.95,20,
riblt.peel,weier-jacobian.127,"d=20,m=40,prefilter=true,batch=true,h2c=ti",slope,39796.91823685533,39747.29280737115,39848.440100016225,0.95,20,
riblt.peel,weier-jacobian.127,"d=4,m=8,prefilter=false,batch=false,h2c=ti",slope,4566.104098482025,4531.487887682941,4609.795978589302,0.95,4,
riblt.peel,weier-jacobian.127,"d=4,m=8,prefilter=false,batch=true,h2c=ti",slope,4632.104192426593,4627.049091384372,4637.295896461452,0.95,4,
riblt.peel,weier-jacobian.127,"d=4,m=8,prefilter=true,batch=false,h2c=ti",slope,4855.671494668399,4850.643757492779,4861.224935187443,0.95,4,
riblt.peel,weier-jacobian.127,"d=4,m=8,prefilter=true,batch=true,h2c=ti",slope,4951.675701189083,4946.770305338029,4957.253216238368,0.95,4,
riblt.peel,weier-jacobian.127,"d=4,m=8,prefilter=true,batch=true,h2c=ti,proj=fp127,mapproj=fp127",slope,5106.990896654289,5100.374298434518,5114.411989995348,0.95,4,
riblt.peel,weier.127,"d=10000,m=20000,prefilter=true,batch=true,h2c=ti",mean,37038814.92,36945679.509625,37164452.030875,0.95,10000,
riblt.peel,weier.127,"d=10000,m=20000,prefilter=true,batch=true,h2c=ti,proj=fp127,mapproj=fp127",mean,35062288.595,35016444.519999996,35113582.794750005,0.95,10000,
riblt.peel,weier.127,"d=1350,m=2700,prefilter=true,batch=true,h2c=ti",mean,4339083.114166666,4334490.694166667,4344033.007916668,0.95,1350,
riblt.peel,weier.127,"d=1350,m=2700,prefilter=true,batch=true,h2c=ti,proj=fp127,mapproj=fp127",mean,4141922.213333333,4135481.7289791657,4148707.282333335,0.95,1350,
riblt.peel,weier.127,"d=4,m=8,prefilter=true,batch=true,h2c=ti",slope,5383.228553666168,5374.1544758501195,5392.868163361663,0.95,4,
riblt.peel,weier.127,"d=4,m=8,prefilter=true,batch=true,h2c=ti,proj=fp127,mapproj=fp127",slope,5433.222699684357,5423.098703074035,5444.952185551635,0.95,4,
riblt.peel,xor-sha256.64,"d=1350,m=2700,prefilter=true,batch=true",slope,1579448.8210432983,1577527.3580994569,1581590.8672211806,0.95,1350,
riblt.peel,xor-siphash.64,"d=1350,m=2700,prefilter=true,batch=true",slope,1528232.463363381,1525636.993952373,1531129.143003488,0.95,1350,
riblt.stream,binary-lambda.109,"d=1000,h2c=ti-addend",mean,61998764.3625,61495422.2375,62655079.2371875,0.95,1000,
riblt.stream,binary-lambda.122,"d=1000,h2c=ti-addend",mean,23816468.32631579,23557869.763552636,24135780.040657897,0.95,1000,
riblt.stream,binary-lambda.122-gls,"d=1000,h2c=ti-addend",mean,23748037.229999997,23624087.218374997,23873130.838125,0.95,1000,
riblt.stream,binary-lambda.127,"d=1000,h2c=ti-addend",mean,19790205.85833333,19742530.466666665,19840320.979791667,0.95,1000,
riblt.stream,binary-u.109,"d=1000,h2c=ti",mean,61426717.5625,60950509.6,61908935.805,0.95,1000,
riblt.stream,binary-u.122,"d=1000,h2c=ti",mean,22798082.709523812,22747578.467142858,22850909.333333336,0.95,1000,
riblt.stream,binary-u.122-gls,"d=1000,h2c=ti",mean,22794855.60952381,22713323.908095237,22879603.777857143,0.95,1000,
riblt.stream,binary-u.127,"d=1000,h2c=pornin-addend",mean,18091524.188461535,18024275.64230769,18184988.463557694,0.95,1000,
riblt.stream,binary-w.109,"d=1000,h2c=ti",mean,62153849.8625,61909300.7403125,62398876.0878125,0.95,1000,
riblt.stream,binary-w.122,"d=1000,h2c=ti",mean,23710136.729999997,23578081.341,23836725.14075,0.95,1000,
riblt.stream,binary-w.122-gls,"d=1000,h2c=ti",mean,23761018.245,23677729.770000003,23839232.9395,0.95,1000,
riblt.stream,binary-w.127,"d=1000,h2c=pornin-addend",mean,18285990.165384613,18231950.261442307,18341665.284326922,0.95,1000,
riblt.stream,binary.109,"d=1000,h2c=ti",mean,70957191.08571427,70709858.09535712,71220841.57214285,0.95,1000,
riblt.stream,binary.122,"d=1000,h2c=ti",mean,30889519.025,30692657.06875,31109012.48484375,0.95,1000,
riblt.stream,binary.122-gls,"d=1000,h2c=ti",mean,28051330.5,27956797.07647059,28141852.86558823,0.95,1000,
riblt.stream,binary.127,"d=10,h2c=ti,map=mcg64",mean,104827.44099686846,104520.9743691284,105242.1640683716,0.95,10,
riblt.stream,binary.127,"d=100,h2c=ti,map=mcg64",mean,1713795.194318182,1710426.2844696972,1717044.001534091,0.95,100,
riblt.stream,binary.127,"d=1000,h2c=ti",mean,24126895.235,24090807.95,24162724.205000002,0.95,1000,
riblt.stream,binary.127,"d=1000,h2c=ti,map=mcg64",mean,24185309.685,24127489.763375,24252300.165,0.95,1000,
riblt.stream,binary.127,"d=10000,h2c=ti,map=chacha8",mean,340706188.45,339167607.9,342558980.65,0.95,10000,
riblt.stream,binary.127,"d=10000,h2c=ti,map=mcg64",mean,322218955.05,321407148.95750004,323117019.67249995,0.95,10000,
riblt.stream,binary.127,"d=100000,h2c=ti,map=chacha8",mean,5515672139.5,5501080242.1,5533011456.4,0.95,100000,
riblt.stream,binary.127,"d=100000,h2c=ti,map=mcg64",mean,4971445160.2,4956222554.9125,4989051961.2,0.95,100000,
riblt.stream,binary.127,"d=20,h2c=ti,map=mcg64",mean,251867.23803317538,251259.19511848342,252558.17790284357,0.95,20,
riblt.stream,binary.127,"d=40,h2c=ti,map=mcg64",mean,580008.2058124174,577992.0393659181,582239.8640653897,0.95,40,
riblt.stream,binary.127,"d=50000,h2c=ti,map=mcg64",mean,2156050093.6,2150899384.095,2160333836.8,0.95,50000,
riblt.stream,edwards.127,"d=10,h2c=ti",mean,59492.62671487604,58988.4997753099,60334.71710743802,0.95,10,
riblt.stream,edwards.127,"d=100,h2c=ti",mean,820566.3344059406,818995.5388613862,822145.8147834159,0.95,100,
riblt.stream,edwards.127,"d=1000,h2c=ti",mean,10079844.205714285,10049399.4,10111207.705714285,0.95,1000,
riblt.stream,edwards.127,"d=10000,h2c=ti",mean,129800755.4,129422875.63166666,130166673.53333333,0.95,10000,
riblt.stream,edwards.127,"d=100000,h2c=ti",mean,2426663643.5,2419160781.985,2434866242.4075,0.95,100000,
riblt.stream,edwards.127,"d=20,h2c=ti",mean,134825.77560867643,134439.27175962814,135246.29234174412,0.95,20,
riblt.stream,edwards.127,"d=40,h2c=ti",mean,295083.13789571694,294314.04227188084,295836.5953026071,0.95,40,
riblt.stream,edwards.127,"d=50000,h2c=ti",mean,985019575.3,981369428.1,989065703.2,0.95,50000,
riblt.stream,weier-jacobian.127,"d=10,h2c=ti",mean,46984.88790466027,46876.257274991105,47099.11428006048,0.95,10,
riblt.stream,weier-jacobian.127,"d=100,h2c=ti",mean,684035.3485714284,680956.5260824176,686927.0351483517,0.95,100,
riblt.stream,weier-jacobian.127,"d=1000,h2c=ti",mean,9058282.907894736,9002916.365789473,9112963.899934212,0.95,1000,
riblt.stream,weier-jacobian.127,"d=10000,h2c=ti",mean,121852479.575,121269098.915625,122484474.45,0.95,10000,
riblt.stream,weier-jacobian.127,"d=100000,h2c=ti",mean,2350760409.7,2347515977.8,2354168487.1,0.95,100000,
riblt.stream,weier-jacobian.127,"d=20,h2c=ti",mean,107688.15170172085,107323.5184531549,108069.50197705545,0.95,20,
riblt.stream,weier-jacobian.127,"d=40,h2c=ti",mean,243286.99225122348,242569.80785073407,244030.7237357259,0.95,40,
riblt.stream,weier-jacobian.127,"d=50000,h2c=ti",mean,927608373.7,922081819.9725,933834996.9,0.95,50000,
riblt.stream,weier.127,"d=10,h2c=ti",mean,50190.24198191548,50047.47870455804,50347.675622808645,0.95,10,
riblt.stream,weier.127,"d=1000,h2c=ti",mean,9732333.708108107,9702438.690067567,9762782.897297297,0.95,1000,
riblt.stream,weier.127,"d=100000,h2c=ti",mean,2544649414.2,2530918223.53,2560321176.9024997,0.95,100000,
riblt.stream,xor-sha256.64,d=10,mean,8307.408002131659,8295.151897456035,8324.19425062407,0.95,10,
riblt.stream,xor-sha256.64,d=100,mean,144592.9984356668,144435.7936253422,144751.75276495892,0.95,100,
riblt.stream,xor-sha256.64,d=1000,mean,2408829.6890804595,2405266.964367816,2412400.3477011495,0.95,1000,
riblt.stream,xor-sha256.64,d=10000,mean,43415830.75454545,43220030.49090909,43626587.54545455,0.95,10000,
riblt.stream,xor-sha256.64,d=100000,mean,1115639358.4,1112165273.91,1119022549.1625001,0.95,100000,
riblt.stream,xor-sha256.64,d=20,mean,20104.05872387783,20039.976629157907,20196.21873995301,0.95,20,
riblt.stream,xor-sha256.64,d=40,mean,46921.02507068803,46844.776516426544,47000.206112831554,0.95,40,
riblt.stream,xor-sha256.64,d=50000,mean,402587075.8,400951545.5,404902748.98749995,0.95,50000,
riblt.stream,xor-siphash.64,d=10,mean,7106.20036798946,7091.617540830928,7127.943325080072,0.95,10,
riblt.stream,xor-siphash.64,"d=10,map=mcg64",mean,6946.269981225695,6935.295538029147,6957.658348252203,0.95,10,
riblt.stream,xor-siphash.64,d=100,mean,129322.39260969977,129094.96265588915,129565.37827449686,0.95,100,
riblt.stream,xor-siphash.64,"d=100,map=mcg64",mean,126641.1344113842,126477.22622897803,126811.35986416557,0.95,100,
riblt.stream,xor-siphash.64,d=1000,mean,2255240.9386597937,2249851.7639432987,2260173.9262886597,0.95,1000,
riblt.stream,xor-siphash.64,"d=1000,map=mcg64",mean,2186454.4753768845,2182724.232261306,2192888.102512563,0.95,1000,
riblt.stream,xor-siphash.64,d=10000,mean,41945487.525,41622256.740208335,42456304.74166667,0.95,10000,
riblt.stream,xor-siphash.64,"d=10000,map=chacha8",mean,48844614.61999999,48680084.03825001,49029734.620000005,0.95,10000,
riblt.stream,xor-siphash.64,"d=10000,map=mcg64",mean,40507654.24166667,40449560.00833333,40575883.60833334,0.95,10000,
riblt.stream,xor-siphash.64,d=100000,mean,1096138370.4,1092491919.0,1099624853.7,0.95,100000,
riblt.stream,xor-siphash.64,"d=100000,map=chacha8",mean,1676444460.3,1672234093.4,1681618602.26,0.95,100000,
riblt.stream,xor-siphash.64,"d=100000,map=mcg64",mean,1088297559.1,1075246204.8,1110142996.97,0.95,100000,
riblt.stream,xor-siphash.64,d=20,mean,17349.86736146159,17319.557005652565,17381.498763500556,0.95,20,
riblt.stream,xor-siphash.64,"d=20,map=mcg64",mean,17221.241503578756,17201.01448520947,17248.248130537064,0.95,20,
riblt.stream,xor-siphash.64,d=40,mean,41066.159817554784,41027.88713705641,41102.80199911002,0.95,40,
riblt.stream,xor-siphash.64,"d=40,map=mcg64",mean,40058.98237991266,39942.428879912666,40200.464181222706,0.95,40,
riblt.stream,xor-siphash.64,d=50000,mean,394920923.45,393191201.68125,396759850.69874996,0.95,50000,
riblt.stream,xor-siphash.64,"d=50000,map=mcg64",mean,359215260.3,357320071.00375,361647712.49,0.95,50000,
